Date,Machine_ID,Sensor_Reading,Failure_Probability,Predicted_Maintenance_Date,Predicted_Sales,Actual_Sales,Demand_Prediction,Optimized_Production_Schedule,Energy_Anomaly_Flag,Anomaly_Description
2022-06-24,M004,121,0.23,2022-07-23,304319,297769.2,359249,797 units,No,None
2024-11-23,M003,80,0.08,2024-12-19,311568,319458.52,305165,578 units,No,None
2025-01-18,M005,86,0.28,2025-02-07,322865,316772.72,270103,799 units,No,None
2022-10-10,M002,129,0.05,2022-11-06,266177,257582.5,398150,468 units,No,None
2023-03-27,M001,142,0.38,2023-04-18,215578,222714.79,324431,674 units,No,None
2024-03-24,M003,84,0.16,2024-04-22,364070,363937.17,369844,645 units,No,None
2024-05-26,M002,149,0.36,2024-06-21,348745,338551.21,369108,714 units,No,None
2022-11-13,M003,134,0.2,2022-12-05,202073,204358.46,347279,724 units,No,None
2025-03-16,M001,121,0.45,2025-04-01,286027,273525.3,222793,774 units,Yes,High Voltage
2023-10-16,M004,52,0.08,2023-10-26,328781,329863.19,343002,561 units,No,None
2022-10-10,M001,134,0.44,2022-10-20,379178,381477.65,309609,438 units,No,None
2024-07-21,M001,67,0.11,2024-08-04,269860,265979.54,227492,632 units,No,None
2023-03-04,M001,101,0.26,2023-03-20,351951,347584.4,392806,475 units,No,None
2023-05-15,M004,99,0.0,2023-05-30,277811,280964.46,336312,789 units,No,None
2022-07-16,M005,80,0.27,2022-07-30,279992,287546.55,265866,594 units,No,None
2024-08-18,M004,62,0.43,2024-08-29,288506,294001.89,292857,680 units,No,None
2022-06-13,M001,79,0.18,2022-07-01,233510,234214.42,307943,673 units,No,None
2024-08-22,M003,105,0.46,2024-09-18,388603,387500.57,259233,583 units,No,None
2023-03-09,M004,61,0.02,2023-03-19,351393,337923.78,239436,697 units,No,None
2025-02-10,M003,128,0.35,2025-02-21,314263,320478.99,305379,682 units,No,None
2022-10-07,M005,65,0.32,2022-11-03,296449,309683.96,297681,773 units,No,None
2024-08-27,M004,116,0.26,2024-09-14,208993,208939.24,345778,718 units,No,None
2023-03-14,M004,112,0.46,2023-04-06,366553,367223.59,262021,493 units,No,None
2024-04-15,M001,117,0.26,2024-05-04,363457,347512.04,342984,574 units,No,None
2024-05-26,M002,147,0.05,2024-06-22,326454,315394.07,205831,632 units,No,None
2023-12-31,M001,147,0.05,2024-01-24,303182,295900.85,294156,795 units,No,None
2022-12-25,M004,108,0.24,2023-01-12,311274,300405.59,268553,435 units,No,None
2023-08-16,M001,86,0.36,2023-08-26,218056,223017.15,310975,618 units,No,None
2024-08-23,M001,82,0.27,2024-09-10,229620,232628.85,265601,735 units,No,None
2024-01-16,M005,136,0.02,2024-02-12,328738,313246.86,326050,432 units,No,None
2023-08-13,M002,131,0.04,2023-09-02,377624,372073.95,281748,635 units,No,None
2022-06-06,M002,100,0.17,2022-06-28,363982,363755.73,346902,404 units,No,None
2023-11-19,M002,126,0.2,2023-12-18,290061,293843.67,382325,466 units,Yes,Overheating
2024-09-16,M004,63,0.17,2024-10-01,361045,373366.26,348027,745 units,No,None
2023-08-25,M001,132,0.35,2023-09-15,333312,344302.18,254005,597 units,No,None
2024-01-23,M004,148,0.04,2024-02-18,308536,322903.38,265236,666 units,No,None
2022-09-03,M004,57,0.29,2022-09-14,392505,399326.35,353085,453 units,No,None
2023-06-19,M005,139,0.46,2023-07-10,291989,293315.58,210111,730 units,Yes,None
2022-08-24,M001,136,0.18,2022-09-08,255267,255386.25,376252,722 units,No,None
2023-02-12,M002,127,0.48,2023-02-28,384555,372354.33,208400,648 units,No,None
2024-11-14,M003,81,0.46,2024-11-26,386153,392882.02,253617,506 units,No,None
2023-08-05,M004,59,0.42,2023-09-01,203917,211078.92,239162,536 units,No,None
2022-10-27,M004,74,0.32,2022-11-15,233113,233671.05,335063,732 units,No,None
2023-10-13,M005,78,0.31,2023-10-29,207460,212870.37,211948,768 units,No,None
2022-05-20,M005,101,0.22,2022-06-06,269525,258700.53,238818,679 units,No,None
2025-04-13,M001,147,0.45,2025-05-06,243234,253587.83,270861,403 units,Yes,Vibration Issue
2024-10-04,M004,105,0.24,2024-10-14,362976,362164.32,322661,759 units,Yes,Overheating
2024-02-12,M004,77,0.04,2024-02-29,363004,345036.44,229007,684 units,No,None
2023-08-14,M001,122,0.05,2023-08-24,214336,207112.69,323119,514 units,No,None
2023-11-25,M005,125,0.09,2023-12-11,304735,306385.19,283829,619 units,Yes,Vibration Issue
2024-01-29,M004,68,0.2,2024-02-18,303694,304715.95,205465,479 units,No,None
2023-06-20,M005,64,0.42,2023-07-17,271638,258952.82,231195,604 units,Yes,None
2023-01-04,M002,117,0.45,2023-01-21,270210,281810.5,204878,753 units,No,None
2023-08-22,M002,122,0.09,2023-09-15,266552,257141.61,237486,632 units,No,None
2024-10-31,M004,132,0.02,2024-11-18,218863,208867.17,258844,630 units,No,None
2025-03-11,M002,78,0.32,2025-04-02,272650,272046.58,394190,571 units,No,None
2023-12-22,M003,99,0.41,2024-01-20,346611,343976.51,329171,722 units,No,None
2024-05-10,M005,117,0.37,2024-05-20,352985,358336.32,381824,421 units,No,None
2024-04-05,M002,65,0.03,2024-04-21,234656,244092.51,211376,795 units,No,None
2022-10-14,M004,125,0.34,2022-11-06,324077,339034.29,368761,745 units,No,None
2022-07-27,M002,104,0.43,2022-08-06,320484,307304.05,374310,518 units,No,None
2024-05-15,M003,62,0.19,2024-05-26,202221,203216.88,241808,743 units,No,None
2024-03-10,M001,76,0.21,2024-03-22,283327,278018.83,395064,775 units,No,None
2024-01-03,M005,110,0.25,2024-01-22,288981,299693.62,273506,625 units,Yes,High Voltage
2024-12-17,M001,142,0.5,2025-01-06,368075,362909.52,291086,400 units,No,None
2024-01-09,M003,53,0.37,2024-02-04,308825,299968.13,344633,537 units,No,None
2023-08-11,M003,73,0.36,2023-09-07,386174,370113.61,286241,420 units,No,None
2022-05-10,M004,71,0.0,2022-05-29,313818,304732.58,379071,512 units,No,None
2024-11-23,M003,88,0.26,2024-12-13,325948,333005.86,258171,639 units,No,None
2023-07-19,M001,100,0.38,2023-08-06,237575,237003.25,212264,772 units,No,None
2023-05-03,M005,119,0.01,2023-05-25,278609,275703.86,340963,788 units,No,None
2023-04-25,M003,57,0.32,2023-05-17,256628,258888.48,348992,582 units,No,None
2025-01-19,M001,141,0.26,2025-02-04,219337,215927.8,337464,424 units,No,None
2024-04-13,M001,119,0.28,2024-05-08,245141,250101.11,387705,500 units,No,None
2025-02-06,M002,103,0.11,2025-02-16,280696,291512.51,378124,676 units,No,None
2024-05-22,M003,147,0.22,2024-06-08,200393,202548.26,342410,724 units,No,None
2023-12-23,M003,57,0.36,2024-01-14,201140,201089.11,222567,709 units,No,None
2024-01-13,M004,69,0.18,2024-02-07,379529,371378.63,359631,622 units,No,None
2024-10-28,M003,143,0.19,2024-11-21,272353,263418.35,242901,426 units,No,None
2023-04-23,M001,90,0.1,2023-05-19,255682,263387.91,384689,595 units,No,None
2025-04-24,M001,80,0.41,2025-05-11,236625,227567.63,342273,611 units,No,None
2024-10-11,M005,117,0.36,2024-11-07,208514,209938.02,354862,659 units,No,None
2022-07-19,M004,88,0.22,2022-08-06,291778,282746.09,359827,560 units,No,None
2024-11-24,M003,96,0.46,2024-12-20,258402,265624.33,391222,450 units,No,None
2023-08-12,M003,122,0.47,2023-09-02,353879,337584.91,200319,613 units,No,None
2023-02-05,M005,50,0.31,2023-02-19,221328,225867.21,286341,442 units,No,None
2023-08-31,M004,127,0.28,2023-09-28,296559,298998.18,202841,415 units,No,None
2025-04-01,M005,108,0.43,2025-04-18,222654,218249.35,266663,743 units,Yes,High Voltage
2024-02-05,M005,66,0.29,2024-03-05,298801,289738.63,212776,676 units,No,None
2022-08-26,M001,117,0.22,2022-09-24,331370,335474.64,276855,722 units,No,None
2023-03-28,M005,67,0.23,2023-04-16,209636,210501.96,226584,530 units,No,None
2024-02-07,M002,129,0.16,2024-02-18,277909,275394.15,396403,444 units,Yes,Overheating
2023-05-25,M001,134,0.25,2023-06-21,261112,251739.1,242579,544 units,No,None
2025-01-31,M004,72,0.37,2025-02-13,348850,357302.1,276287,591 units,No,None
2024-11-24,M005,65,0.47,2024-12-05,205814,211686.42,264958,489 units,No,None
2025-03-25,M004,64,0.07,2025-04-09,238610,235944.02,351509,425 units,No,None
2024-06-07,M005,118,0.27,2024-06-17,208782,216617.41,260541,574 units,No,None
2024-05-23,M002,149,0.2,2024-06-04,288466,296286.61,396488,644 units,No,None
2025-04-19,M002,100,0.37,2025-05-04,328568,313178.33,353296,532 units,No,None
2024-05-13,M004,96,0.4,2024-06-04,313404,321701.27,388881,715 units,No,None
2023-06-10,M005,67,0.2,2023-06-24,206112,211743.59,325388,419 units,No,None
2025-02-26,M003,137,0.42,2025-03-10,278865,271994.9,350465,472 units,Yes,Vibration Issue
2022-07-24,M005,62,0.12,2022-08-03,222409,226867.5,272701,597 units,No,None
2024-04-08,M001,84,0.08,2024-04-18,338264,329744.03,380757,534 units,No,None
2024-11-09,M004,119,0.07,2024-11-25,276850,275842.91,286278,569 units,No,None
2023-04-25,M005,64,0.49,2023-05-19,302193,304102.36,217932,578 units,No,None
2023-04-03,M001,145,0.47,2023-04-16,368859,356338.03,222600,734 units,No,None
2023-07-26,M001,99,0.22,2023-08-08,338971,324936.32,292988,481 units,No,None
2023-12-27,M005,78,0.36,2024-01-21,299544,289835.49,352828,785 units,Yes,None
2023-11-17,M004,144,0.14,2023-12-03,204242,208829.33,336269,494 units,No,None
2024-03-20,M004,72,0.44,2024-03-30,291812,305673.04,369295,423 units,No,None
2025-04-18,M003,72,0.5,2025-05-06,209506,199090.96,314653,523 units,No,None
2024-05-09,M001,143,0.43,2024-06-05,206232,198661.43,273209,788 units,No,None
2022-08-05,M003,100,0.01,2022-08-15,340336,353979.25,229682,570 units,No,None
2023-12-01,M003,66,0.12,2023-12-24,272251,263034.66,388025,766 units,No,None
2023-06-16,M005,95,0.19,2023-07-05,206684,200408.79,219102,772 units,No,None
2022-11-28,M002,97,0.04,2022-12-20,286130,277499.35,263308,744 units,Yes,Overheating
2025-01-23,M004,97,0.2,2025-02-13,280811,272377.06,320478,496 units,No,None
2024-12-29,M002,73,0.44,2025-01-10,232847,237755.44,267626,616 units,No,None
2023-03-30,M003,121,0.05,2023-04-09,291686,303924.87,378809,624 units,No,None
2023-03-05,M003,127,0.13,2023-04-03,318484,328721.94,301889,786 units,No,None
2023-08-26,M003,77,0.22,2023-09-08,219800,227178.08,200144,679 units,No,None
2022-12-29,M004,89,0.27,2023-01-17,253422,244282.76,239982,534 units,No,None
2024-03-21,M004,77,0.32,2024-03-31,333269,344314.64,224475,549 units,No,None
2022-11-17,M002,121,0.0,2022-12-03,245346,247825.29,301297,424 units,No,None
2023-02-27,M002,73,0.21,2023-03-13,394471,382720.31,232886,770 units,Yes,High Voltage
2025-01-17,M002,53,0.08,2025-01-31,388955,395439.32,294093,527 units,No,None
2024-09-06,M003,104,0.25,2024-10-05,201950,204153.09,324364,402 units,No,None
2024-05-11,M003,70,0.34,2024-06-03,229893,237529.01,203443,502 units,Yes,Vibration Issue
2024-01-21,M001,141,0.16,2024-02-07,207088,210611.06,379650,698 units,No,None
2024-06-16,M005,58,0.46,2024-06-27,270727,274295.28,203942,552 units,No,None
2024-06-13,M003,107,0.1,2024-07-01,357962,371189.92,302031,597 units,No,None
2023-10-18,M005,109,0.41,2023-11-11,378639,389563.74,392839,722 units,No,None
2023-06-09,M002,82,0.4,2023-07-08,228568,221423.73,328105,636 units,Yes,High Voltage
2022-12-09,M003,131,0.45,2022-12-23,359621,365639.06,341634,770 units,No,None
2022-09-22,M003,94,0.08,2022-10-12,375697,377799.11,356629,415 units,No,None
2024-10-02,M004,104,0.18,2024-10-20,285907,285029.49,339944,691 units,No,None
2023-04-02,M001,111,0.19,2023-04-20,365929,355287.1,321940,553 units,No,None
2024-11-20,M004,141,0.24,2024-12-13,301242,288193.75,210860,525 units,No,None
2024-12-18,M005,126,0.13,2025-01-01,329113,314729.31,353857,653 units,No,None
2024-10-28,M002,122,0.38,2024-11-09,255088,249258.19,265064,765 units,No,None
2023-12-17,M002,117,0.14,2024-01-01,337855,340607.72,218618,720 units,Yes,High Voltage
2024-10-07,M001,147,0.43,2024-10-26,287979,297342.45,303431,614 units,Yes,Vibration Issue
2024-12-01,M005,85,0.39,2024-12-14,366894,366466.74,249686,494 units,No,None
2023-08-11,M001,120,0.48,2023-09-01,290473,282463.85,299582,603 units,No,None
2023-04-27,M003,67,0.48,2023-05-21,221551,219259.77,378542,679 units,No,None
2022-06-04,M001,53,0.29,2022-06-29,327033,312495.27,227411,414 units,No,None
2023-10-21,M002,107,0.24,2023-11-16,322751,323114.2,200290,648 units,No,None
2024-11-24,M004,124,0.18,2024-12-17,370187,366423.66,294807,626 units,Yes,High Voltage
2022-08-02,M004,98,0.24,2022-08-23,344635,352374.88,286466,576 units,No,None
2023-03-03,M001,91,0.2,2023-03-29,342228,332095.63,377068,642 units,Yes,None
2024-02-28,M001,77,0.01,2024-03-15,208634,218971.02,247704,706 units,No,None
2023-09-18,M002,51,0.01,2023-09-28,397663,379854.44,268536,620 units,No,None
2022-10-16,M004,131,0.05,2022-11-01,293811,287319.56,240282,741 units,No,None
2023-07-31,M002,91,0.26,2023-08-16,314788,324881.36,361060,581 units,No,None
2024-07-18,M004,83,0.11,2024-08-05,294942,308987.9,361987,718 units,No,None
2024-07-09,M001,92,0.31,2024-07-26,341228,341013.42,298882,615 units,No,None
2024-03-04,M003,114,0.04,2024-03-29,287560,298759.22,381895,444 units,No,None
2022-08-09,M001,103,0.38,2022-08-23,395874,412131.87,311413,695 units,No,None
2024-09-24,M001,61,0.48,2024-10-10,353445,347112.58,211761,746 units,No,None
2024-03-02,M003,82,0.34,2024-03-28,301066,306944.57,218030,576 units,No,None
2025-04-13,M002,81,0.42,2025-05-01,286927,276130.06,283512,772 units,Yes,None
2022-05-05,M004,56,0.32,2022-05-25,334445,320202.92,216957,740 units,Yes,Overheating
2025-02-12,M001,132,0.38,2025-03-04,212528,222446.06,205357,498 units,No,None
2024-05-01,M004,132,0.21,2024-05-14,328082,323321.81,322356,733 units,No,None
2024-03-29,M004,137,0.08,2024-04-09,281559,284884.65,310382,660 units,No,None
2023-09-28,M001,64,0.03,2023-10-22,287771,298788.77,235624,617 units,No,None
2023-04-20,M001,102,0.18,2023-05-06,299595,307423.42,369130,774 units,No,None
2024-09-16,M001,98,0.36,2024-09-28,344000,357577.15,308092,482 units,No,None
2023-05-15,M004,75,0.36,2023-06-07,268697,280208.1,298819,682 units,No,None
2024-08-16,M002,104,0.44,2024-09-08,336252,340395.54,391256,539 units,No,None
2022-05-08,M003,132,0.07,2022-06-03,296869,302895.4,245640,566 units,No,None
2025-02-22,M004,129,0.29,2025-03-07,319804,308013.48,242677,651 units,No,None
2024-11-12,M004,72,0.47,2024-12-11,262913,272062.82,239962,687 units,No,None
2022-08-02,M001,140,0.07,2022-08-13,369736,353126.63,209874,788 units,Yes,High Voltage
2022-11-13,M002,96,0.15,2022-12-05,322480,324393.0,260332,761 units,No,None
2022-08-31,M004,50,0.19,2022-09-19,350139,359943.26,223571,772 units,No,None
2024-04-02,M005,112,0.07,2024-04-12,368597,364591.39,219916,476 units,No,None
2024-09-09,M004,109,0.14,2024-10-05,362995,354694.55,334139,415 units,No,None
2024-12-02,M001,148,0.39,2024-12-24,220843,224914.46,265774,675 units,Yes,Vibration Issue
2024-11-30,M005,100,0.04,2024-12-10,257490,248926.9,284114,716 units,No,None
2025-01-15,M003,148,0.24,2025-01-29,318478,332841.42,242766,591 units,No,None
2023-01-24,M005,73,0.2,2023-02-19,319437,327184.59,205482,518 units,No,None
2023-02-19,M001,107,0.04,2023-03-10,207630,211702.86,395935,446 units,No,None
2025-02-13,M002,128,0.14,2025-03-13,320116,304743.54,323586,736 units,No,None
2023-01-13,M001,58,0.21,2023-02-10,253737,243804.63,356868,531 units,No,None
2024-05-26,M001,69,0.34,2024-06-20,323540,321584.42,395597,463 units,No,None
2024-11-27,M002,82,0.07,2024-12-07,319505,326740.19,382685,496 units,No,None
2022-09-17,M004,135,0.06,2022-09-30,262817,265888.16,362384,441 units,No,None
2022-07-14,M002,70,0.36,2022-08-05,269214,268064.77,253003,458 units,No,None
2022-07-05,M001,120,0.1,2022-08-02,273977,287362.95,251261,517 units,Yes,High Voltage
2023-12-21,M002,59,0.36,2024-01-05,364157,379889.88,367884,734 units,Yes,Overheating
2025-01-09,M005,114,0.45,2025-01-21,396615,395228.16,365032,661 units,Yes,Vibration Issue
2024-10-08,M003,87,0.23,2024-11-03,265328,269132.23,349133,440 units,No,None
2024-08-20,M005,94,0.35,2024-09-13,388888,403773.82,392158,447 units,No,None
2023-12-15,M004,66,0.07,2024-01-12,339338,327940.36,277952,660 units,No,None
2024-02-04,M004,75,0.31,2024-02-16,383853,400446.59,349035,712 units,Yes,High Voltage
2024-03-02,M003,109,0.49,2024-03-29,344982,327938.97,212296,600 units,No,None
2023-05-30,M001,104,0.48,2023-06-15,362625,369032.49,389746,448 units,No,None
2022-12-21,M004,138,0.17,2023-01-11,393712,389961.6,294128,473 units,No,None
2022-09-27,M002,57,0.04,2022-10-09,246895,246130.59,374973,437 units,No,None
2024-06-22,M003,148,0.47,2024-07-14,233506,229369.03,263618,778 units,No,None
2023-11-21,M002,57,0.18,2023-12-16,295033,287706.73,358218,602 units,No,None
2023-10-16,M004,148,0.5,2023-10-26,276037,273810.22,253678,475 units,No,None
2024-02-04,M004,56,0.0,2024-02-22,332012,340916.15,321485,512 units,Yes,Overheating
2022-11-05,M003,149,0.1,2022-12-03,296220,310719.41,233991,584 units,No,None
2023-06-25,M005,75,0.17,2023-07-12,265184,271680.17,378005,672 units,No,None
2023-03-12,M001,62,0.43,2023-04-05,350582,337141.25,302085,585 units,No,None
2022-07-10,M003,58,0.44,2022-07-31,397014,408972.83,270012,522 units,No,None
2024-06-13,M002,127,0.24,2024-06-25,226520,234489.09,274154,676 units,No,None
2023-03-07,M002,141,0.15,2023-03-26,358954,357372.84,327548,404 units,No,None
2022-12-20,M005,89,0.31,2023-01-13,222152,220940.79,203644,462 units,No,None
2022-06-24,M005,123,0.48,2022-07-22,314300,324028.37,214666,589 units,No,None
2025-01-06,M004,91,0.16,2025-01-26,363224,356200.0,326514,629 units,No,None
2023-05-14,M002,133,0.09,2023-05-25,338003,353793.77,330889,799 units,No,None
2024-01-09,M004,82,0.24,2024-01-30,278646,277198.7,265241,449 units,Yes,Overheating
2024-12-24,M005,61,0.4,2025-01-12,304016,295491.68,251354,430 units,No,None
2023-07-10,M003,107,0.08,2023-07-26,227523,227622.68,318160,790 units,Yes,High Voltage
2024-06-12,M003,136,0.2,2024-07-04,388855,408134.67,345819,756 units,No,None
2023-05-30,M001,104,0.1,2023-06-22,264952,271145.71,287979,483 units,No,None
2025-01-03,M001,137,0.38,2025-01-22,203648,205978.24,358145,595 units,Yes,Overheating
2024-09-11,M001,95,0.33,2024-10-07,284652,292199.44,234011,544 units,No,None
2023-07-29,M005,58,0.36,2023-08-18,315124,305423.9,266269,459 units,No,None
2023-07-27,M005,96,0.32,2023-08-25,319321,308934.8,380670,548 units,No,None
2023-07-05,M002,84,0.34,2023-07-26,332447,348244.94,299727,769 units,No,None
2023-09-09,M001,98,0.1,2023-09-21,209312,206151.1,373673,618 units,No,None
2023-08-08,M005,103,0.15,2023-08-18,269276,271278.74,337423,445 units,No,None
2024-07-09,M003,104,0.36,2024-07-23,383188,402212.58,372712,698 units,No,None
2023-06-01,M002,111,0.04,2023-06-18,284180,271396.36,246909,779 units,No,None
2025-02-22,M001,75,0.08,2025-03-10,270114,268458.6,383921,449 units,Yes,Overheating
2023-12-20,M001,95,0.5,2024-01-17,210347,213440.57,216599,457 units,Yes,High Voltage
2023-04-04,M001,89,0.11,2023-04-27,258428,263989.0,239376,453 units,No,None
2023-01-12,M003,62,0.48,2023-01-30,258292,258746.54,283699,669 units,No,None
2022-10-17,M002,122,0.04,2022-11-03,204904,207218.11,337309,411 units,No,None
2025-02-20,M005,89,0.22,2025-03-04,274734,267257.12,339371,799 units,No,None
2023-11-22,M004,60,0.06,2023-12-08,287890,289919.85,220185,605 units,No,None
2022-08-19,M001,137,0.11,2022-09-06,218446,214171.51,297294,764 units,No,None
2023-08-07,M003,70,0.28,2023-09-02,342619,328763.78,337366,596 units,No,None
2022-08-16,M003,118,0.05,2022-08-26,278222,269826.29,303957,608 units,Yes,None
2024-10-15,M004,133,0.1,2024-11-08,202894,208238.85,270579,470 units,No,None
2025-01-20,M005,110,0.32,2025-02-11,396219,397694.52,295226,736 units,No,None
2025-02-18,M002,98,0.02,2025-03-06,357875,372883.14,208844,568 units,No,None
2023-07-16,M003,126,0.48,2023-08-06,273335,266783.22,372836,508 units,No,None
2023-03-13,M003,88,0.33,2023-04-06,299612,291106.5,319293,664 units,No,None
2024-05-04,M001,77,0.16,2024-06-01,248154,254397.68,393719,680 units,No,None
2024-03-15,M003,67,0.45,2024-04-09,286703,286243.21,321649,750 units,No,None
2022-06-22,M001,136,0.23,2022-07-09,354468,364143.18,229409,468 units,Yes,Overheating
2023-07-18,M001,65,0.31,2023-08-04,229507,240163.51,309420,577 units,No,None
2022-06-07,M004,101,0.3,2022-06-19,374188,366964.15,382411,512 units,No,None
2022-07-04,M002,111,0.12,2022-07-29,358056,362916.16,273167,756 units,No,None
2024-10-19,M004,51,0.43,2024-11-06,391766,372717.8,218232,795 units,No,None
2023-03-05,M004,71,0.22,2023-04-01,356261,366325.69,367371,456 units,No,None
2023-06-09,M001,53,0.34,2023-06-30,374358,378101.66,285992,757 units,No,None
2022-11-20,M003,114,0.02,2022-12-11,368024,367101.71,217567,636 units,No,None
2024-05-26,M005,55,0.11,2024-06-11,229142,221049.92,357725,609 units,No,None
2025-01-26,M001,78,0.35,2025-02-17,340024,350408.36,328534,537 units,No,None
2024-09-15,M001,139,0.43,2024-10-02,398635,383905.77,286996,749 units,No,None
2023-03-20,M003,124,0.36,2023-04-06,394406,396665.47,281837,762 units,No,None
2022-07-16,M002,144,0.45,2022-08-09,232167,220621.96,356182,648 units,No,None
2023-04-24,M005,98,0.24,2023-05-20,343060,345169.91,228722,774 units,No,None
2025-03-03,M003,126,0.43,2025-03-19,303319,291668.13,352618,404 units,No,None
2024-12-04,M004,88,0.17,2024-12-21,221370,221321.31,201942,654 units,No,None
2023-05-12,M001,105,0.18,2023-05-28,305668,306945.43,327161,441 units,No,None
2023-08-19,M003,100,0.3,2023-09-17,340841,323909.69,212636,500 units,No,None
2024-02-21,M004,141,0.21,2024-03-17,304235,315723.54,282402,706 units,No,None
2022-05-31,M005,80,0.27,2022-06-16,330651,333091.36,316176,432 units,No,None
2023-08-10,M002,73,0.28,2023-08-21,323165,315834.03,368562,741 units,No,None
2024-08-31,M003,135,0.07,2024-09-20,280111,268618.89,342187,546 units,No,None
2024-03-30,M003,137,0.41,2024-04-12,350996,348553.53,359225,790 units,No,None
2025-04-18,M005,135,0.08,2025-05-09,306766,303758.38,231020,628 units,No,None
2023-10-08,M005,71,0.41,2023-10-28,202085,198153.88,330915,756 units,No,None
2022-11-28,M002,65,0.02,2022-12-11,387403,381540.57,383291,784 units,No,None
2024-01-25,M001,70,0.08,2024-02-22,206704,209299.32,371019,672 units,No,None
2023-09-17,M003,72,0.39,2023-10-12,293925,282627.9,347404,776 units,No,None
2024-12-20,M003,82,0.03,2025-01-04,306686,301400.79,241893,611 units,No,None
2025-01-20,M002,127,0.4,2025-02-08,237185,228054.24,311048,652 units,No,None
2024-09-29,M004,143,0.31,2024-10-27,305310,313252.45,383598,405 units,No,None
2023-10-30,M003,50,0.23,2023-11-25,275979,283271.26,291700,785 units,No,None
2023-02-22,M004,101,0.36,2023-03-19,289381,277343.62,283075,680 units,No,None
2023-03-14,M004,93,0.37,2023-04-07,394148,391818.92,373439,596 units,No,None
2025-03-27,M001,92,0.22,2025-04-25,366927,355773.7,281786,631 units,No,None
2022-06-30,M002,77,0.49,2022-07-24,204004,213093.03,255948,509 units,No,None
2023-12-05,M003,67,0.41,2023-12-29,342558,346606.84,380597,768 units,No,None
2023-09-19,M001,78,0.28,2023-10-15,360676,370917.65,221176,485 units,No,None
2022-09-25,M002,55,0.0,2022-10-24,352294,346476.97,212436,706 units,No,None
2024-07-03,M001,94,0.23,2024-07-16,324319,333562.11,254191,479 units,No,None
2024-03-06,M002,77,0.25,2024-04-02,248744,248935.36,349691,795 units,No,None
2022-09-08,M001,123,0.27,2022-10-03,381889,387780.81,285609,790 units,No,None
2024-10-03,M005,134,0.47,2024-10-27,294902,308785.88,295065,448 units,No,None
2022-10-28,M004,93,0.46,2022-11-24,274579,284047.32,212394,535 units,Yes,None
2023-04-17,M004,108,0.1,2023-05-09,388709,387879.53,358922,639 units,No,None
2024-09-19,M005,136,0.36,2024-10-02,311981,307564.74,338153,453 units,No,None
2022-08-22,M005,141,0.25,2022-09-20,324360,311152.66,302912,593 units,No,None
2023-04-10,M003,68,0.12,2023-05-03,305887,309326.86,220154,767 units,No,None
2022-06-15,M003,112,0.4,2022-06-26,326780,332943.54,265118,691 units,No,None
2023-11-14,M004,69,0.38,2023-11-30,280464,288124.7,307500,584 units,No,None
2023-05-29,M001,135,0.16,2023-06-27,337720,332669.42,209962,562 units,No,None
2022-10-26,M002,72,0.39,2022-11-14,394191,380666.79,243451,492 units,No,None
2022-08-24,M001,125,0.41,2022-09-11,258205,249669.02,313060,533 units,No,None
2024-03-28,M005,140,0.14,2024-04-12,218481,216154.11,393371,677 units,No,None
2024-06-22,M004,147,0.36,2024-07-14,313429,312055.25,389756,615 units,No,None
2022-05-16,M004,87,0.02,2022-05-29,289969,302994.14,273904,779 units,No,None
2023-08-18,M001,60,0.4,2023-09-01,218838,216794.18,310961,515 units,No,None
2024-03-24,M005,79,0.11,2024-04-18,229709,234018.17,331100,758 units,No,None
2022-06-14,M002,97,0.5,2022-07-06,214210,206239.97,225669,699 units,No,None
2023-01-10,M005,144,0.06,2023-01-21,359395,349428.55,207208,540 units,Yes,None
2024-06-22,M002,70,0.18,2024-07-21,380155,381940.55,390412,789 units,Yes,None
2022-08-08,M004,144,0.15,2022-08-22,272058,283941.99,269267,532 units,No,None
2022-11-12,M001,146,0.0,2022-11-22,390083,376910.0,334004,741 units,No,None
2023-12-15,M001,120,0.02,2023-12-31,386312,384852.7,378981,418 units,No,None
2024-05-05,M002,53,0.11,2024-05-31,250958,246907.72,319757,621 units,No,None
2022-09-06,M001,148,0.38,2022-09-19,207120,203838.25,302452,652 units,No,None
2024-05-10,M004,137,0.28,2024-05-31,314201,320627.05,310895,664 units,No,None
2023-01-05,M001,108,0.04,2023-01-28,229010,230256.63,241226,527 units,No,None
2023-07-14,M005,80,0.16,2023-07-30,282211,292219.61,259974,619 units,No,None
2023-06-06,M002,134,0.18,2023-06-17,315883,306809.66,289389,772 units,No,None
2022-07-11,M003,63,0.01,2022-08-02,233321,236791.35,363966,559 units,No,None
2023-06-30,M004,110,0.33,2023-07-13,272587,259774.04,361876,770 units,No,None
2024-05-22,M001,69,0.07,2024-06-09,377214,386820.39,230715,704 units,No,None
2022-09-12,M003,114,0.13,2022-10-08,218527,213482.62,341259,724 units,Yes,Vibration Issue
2024-10-28,M001,81,0.03,2024-11-12,372789,375106.69,209076,773 units,No,None
2023-05-07,M004,72,0.39,2023-05-25,346533,333356.94,246164,463 units,Yes,Vibration Issue
2025-03-23,M002,107,0.47,2025-04-14,212395,221591.19,314945,448 units,No,None
2022-12-08,M005,114,0.12,2022-12-28,387112,375749.98,338257,590 units,No,None
2023-10-31,M004,128,0.37,2023-11-12,394287,411020.8,388534,654 units,No,None
2023-04-09,M002,136,0.35,2023-04-25,341898,340957.29,275419,783 units,No,None
2023-04-29,M004,93,0.09,2023-05-13,237068,238122.85,320716,688 units,No,None
2023-01-14,M002,122,0.46,2023-01-28,361278,362804.72,211045,755 units,No,None
2025-03-18,M002,100,0.01,2025-03-31,397172,409293.89,284199,537 units,No,None
2024-11-06,M002,110,0.44,2024-12-02,239533,248081.58,291091,666 units,No,None
2024-12-20,M002,82,0.01,2025-01-05,281128,294368.62,363895,616 units,No,None
2025-03-20,M002,89,0.22,2025-04-13,369064,381365.9,325451,755 units,No,None
2023-06-27,M002,118,0.07,2023-07-11,235300,241817.49,282483,449 units,No,None
2023-07-03,M002,135,0.31,2023-07-14,347295,358660.73,339312,798 units,No,None
2023-06-06,M001,68,0.35,2023-06-17,259404,270700.63,342238,677 units,No,None
2022-05-12,M001,67,0.2,2022-05-24,381375,375762.33,360197,763 units,No,None
2023-05-25,M003,135,0.06,2023-06-13,227243,235303.71,388680,655 units,No,None
2023-08-30,M002,70,0.18,2023-09-18,245483,242004.38,307637,749 units,No,None
2024-08-10,M001,55,0.04,2024-09-06,386630,400741.23,282102,761 units,No,None
2024-10-28,M001,90,0.47,2024-11-08,364403,361538.19,243837,436 units,No,None
2023-10-29,M003,146,0.37,2023-11-18,220439,227956.58,389264,503 units,No,None
2024-11-24,M002,67,0.35,2024-12-13,324758,326122.72,253498,657 units,No,None
2024-11-15,M001,75,0.37,2024-12-11,298965,288536.55,263088,625 units,No,None
2022-05-14,M005,92,0.04,2022-06-06,223139,227229.86,303734,538 units,No,None
2022-10-26,M001,53,0.19,2022-11-16,348671,363521.49,208436,614 units,No,None
2022-08-07,M001,91,0.16,2022-09-05,396604,411189.53,387932,766 units,No,None
2023-09-23,M005,105,0.04,2023-10-03,289231,280630.68,389514,541 units,No,None
2024-08-06,M005,75,0.37,2024-08-21,202683,196835.51,249459,714 units,No,None
2025-04-13,M005,102,0.06,2025-04-28,282814,288284.69,346773,715 units,No,None
2024-09-13,M001,81,0.49,2024-10-06,319657,312797.71,294559,727 units,No,None
2022-05-22,M002,105,0.06,2022-06-01,319243,325411.61,307447,619 units,No,None
2023-06-06,M001,58,0.08,2023-06-21,200660,203535.86,313776,775 units,No,None
2024-05-17,M005,78,0.42,2024-05-29,247152,256655.67,316940,663 units,No,None
2024-04-24,M005,143,0.47,2024-05-15,298397,300798.63,334805,796 units,No,None
2024-01-01,M004,54,0.4,2024-01-26,257863,268389.75,261036,409 units,No,None
2023-05-21,M005,108,0.43,2023-06-07,338984,348710.57,399336,713 units,No,None
2023-05-15,M001,88,0.27,2023-06-13,237658,233654.21,383695,512 units,No,None
2023-12-18,M005,134,0.23,2024-01-12,318132,305692.4,392439,541 units,No,None
2023-11-15,M004,114,0.03,2023-11-27,260503,258046.8,363001,441 units,Yes,None
2024-05-03,M001,64,0.2,2024-05-28,258777,257968.48,237224,796 units,No,None
2024-02-05,M004,84,0.48,2024-03-02,368716,356851.9,215326,455 units,No,None
2023-07-27,M004,139,0.08,2023-08-12,386164,386181.45,201840,703 units,No,None
2024-10-17,M003,62,0.11,2024-11-13,379470,382694.17,346998,714 units,No,None
2023-03-22,M002,93,0.44,2023-04-08,248086,249995.39,332031,471 units,No,None
2023-03-25,M003,61,0.22,2023-04-23,276617,277210.54,224114,577 units,No,None
2022-11-30,M004,121,0.35,2022-12-24,265067,266540.72,202484,599 units,No,None
2023-12-16,M005,67,0.23,2024-01-04,245193,247351.81,267316,473 units,No,None
2024-01-13,M002,98,0.48,2024-02-10,383845,377536.19,318124,559 units,No,None
2023-01-05,M001,135,0.25,2023-01-15,340238,342145.84,230744,493 units,No,None
2024-06-30,M005,119,0.34,2024-07-22,207627,215513.49,222041,634 units,No,None
2022-08-10,M003,148,0.09,2022-08-20,381899,377474.02,260817,627 units,No,None
2024-03-26,M004,99,0.32,2024-04-07,316822,307962.25,217765,751 units,No,None
2023-07-04,M005,92,0.1,2023-07-31,242790,246565.44,372281,551 units,No,None
2025-01-02,M004,144,0.43,2025-01-31,286533,273401.14,332510,743 units,No,None
2023-03-07,M004,124,0.15,2023-03-25,331535,318376.42,242980,693 units,No,None
2024-01-25,M002,100,0.3,2024-02-11,357356,350029.7,235877,727 units,No,None
2022-12-20,M002,105,0.06,2023-01-15,376561,377701.37,256833,591 units,No,None
2024-06-24,M001,70,0.25,2024-07-07,322968,338221.15,267984,408 units,No,None
2023-10-23,M005,129,0.03,2023-11-18,308033,317797.9,253249,605 units,No,None
2023-03-15,M004,130,0.42,2023-04-02,260683,248342.22,311129,648 units,No,None
2023-03-08,M005,146,0.35,2023-03-31,329583,336560.99,351350,594 units,No,None
2023-10-08,M005,90,0.09,2023-10-30,233372,235930.7,357280,755 units,No,None
2024-11-12,M005,122,0.35,2024-11-25,386348,387884.39,283642,426 units,No,None
2024-03-13,M001,124,0.31,2024-03-27,255522,252098.35,213857,453 units,Yes,Vibration Issue
2024-09-19,M001,146,0.33,2024-10-03,251759,247133.39,268886,649 units,No,None
2024-02-20,M005,89,0.31,2024-03-12,383132,397658.86,288802,611 units,No,None
2025-04-12,M001,90,0.16,2025-04-28,214834,205653.14,328555,400 units,No,None
2024-09-01,M003,64,0.09,2024-09-24,218783,228530.65,208932,714 units,No,None
2024-08-06,M001,68,0.49,2024-08-22,390054,380312.71,235715,727 units,No,None
2022-11-17,M005,132,0.38,2022-12-07,205436,200480.3,265915,689 units,No,None
2023-09-24,M003,136,0.04,2023-10-15,327979,326055.09,218115,544 units,No,None
2022-12-02,M005,89,0.07,2022-12-24,354208,346611.67,317748,669 units,No,None
2023-11-24,M004,142,0.01,2023-12-09,260209,263956.66,397265,525 units,No,None
2023-07-10,M004,143,0.45,2023-08-02,370675,373147.91,209359,617 units,No,None
2024-11-20,M005,61,0.05,2024-12-05,258087,251407.42,294647,441 units,No,None
2023-07-06,M005,115,0.18,2023-07-27,290843,290549.93,326320,512 units,No,None
2023-09-24,M005,58,0.36,2023-10-09,259982,257988.44,266689,621 units,Yes,Vibration Issue
2025-02-13,M005,104,0.45,2025-02-28,234277,232382.57,225094,456 units,No,None
2023-06-24,M001,83,0.35,2023-07-16,362540,372519.82,276512,550 units,No,None
2024-06-29,M004,125,0.24,2024-07-25,375436,365964.99,280365,439 units,Yes,Overheating
2023-10-06,M005,115,0.36,2023-10-30,219520,228440.58,246532,670 units,Yes,Vibration Issue
2024-10-26,M003,58,0.03,2024-11-24,217094,221670.4,264329,654 units,No,None
2024-05-03,M001,51,0.04,2024-05-30,351241,340079.25,383721,548 units,No,None
2023-08-20,M004,95,0.04,2023-09-08,321467,314598.2,267060,719 units,No,None
2025-02-28,M005,66,0.5,2025-03-17,347332,355995.42,388291,404 units,No,None
2023-07-21,M002,65,0.17,2023-08-03,223577,222996.39,312830,535 units,No,None
2024-02-04,M005,98,0.21,2024-02-24,205123,210677.16,336796,566 units,Yes,Overheating
2023-12-10,M004,118,0.42,2023-12-27,377466,363432.45,398454,518 units,No,None
2023-02-10,M003,109,0.17,2023-03-02,331868,316145.47,325173,581 units,No,None
2024-04-09,M004,120,0.38,2024-04-20,326875,324885.29,317649,459 units,No,None
2023-11-17,M001,131,0.46,2023-12-11,272846,274481.25,377841,795 units,No,None
2025-02-13,M001,88,0.21,2025-03-06,280112,291060.93,290486,612 units,No,None
2022-05-11,M001,116,0.5,2022-06-07,238275,243227.57,394678,608 units,No,None
2022-07-31,M002,142,0.12,2022-08-13,349524,339319.75,385948,421 units,No,None
2024-04-25,M002,140,0.15,2024-05-14,353997,354397.8,345833,438 units,Yes,Vibration Issue
2023-01-14,M004,63,0.37,2023-02-11,305114,300723.48,315796,505 units,No,None
2025-04-15,M004,128,0.15,2025-05-11,247886,239944.45,376879,454 units,No,None
2024-04-18,M003,137,0.46,2024-05-01,382787,383430.36,380696,421 units,No,None
2024-10-24,M002,59,0.02,2024-11-12,342341,333075.65,383384,466 units,No,None
2022-06-30,M005,71,0.2,2022-07-11,253838,257922.7,395080,553 units,No,None
2022-11-18,M004,89,0.37,2022-11-29,314938,315473.94,335390,693 units,No,None
2024-09-29,M001,60,0.17,2024-10-09,364433,382351.39,218375,753 units,Yes,Vibration Issue
2025-03-08,M003,82,0.18,2025-03-20,296637,295518.78,356386,414 units,No,None
2025-04-03,M003,147,0.11,2025-04-21,300963,308076.88,268960,765 units,No,None
2024-05-21,M004,146,0.23,2024-06-10,290003,296413.29,215898,546 units,No,None
2022-08-03,M002,118,0.45,2022-08-22,254943,248500.8,343350,486 units,No,None
2023-05-20,M004,139,0.18,2023-06-17,223769,228076.75,344330,798 units,No,None
2025-01-05,M002,107,0.12,2025-01-26,246742,243889.14,338321,749 units,No,None
2022-11-02,M003,59,0.36,2022-11-30,300914,302964.31,303765,681 units,No,None
2024-10-13,M003,97,0.06,2024-10-24,290283,289992.8,264145,768 units,No,None
2022-09-25,M005,123,0.18,2022-10-22,263990,275228.38,231097,747 units,No,None
2024-03-10,M004,123,0.39,2024-03-28,261052,264649.53,247347,512 units,Yes,Overheating
2023-06-15,M004,63,0.0,2023-06-25,359074,372068.3,267799,472 units,No,None
2022-06-21,M003,98,0.06,2022-07-20,220362,227513.64,361561,419 units,No,None
2023-06-23,M001,67,0.28,2023-07-06,238593,244737.55,254912,470 units,No,None
2022-06-30,M004,62,0.12,2022-07-18,371559,354964.99,274683,656 units,No,None
2024-07-23,M004,80,0.42,2024-08-08,276517,272439.52,347879,620 units,No,None
2023-10-09,M001,89,0.29,2023-10-26,279719,290219.11,365321,441 units,Yes,High Voltage
2024-04-17,M001,56,0.3,2024-04-27,216799,211343.93,228791,635 units,No,None
2022-07-09,M005,144,0.12,2022-07-29,305249,315329.33,339717,623 units,No,None
2023-08-07,M003,106,0.12,2023-08-25,248924,256984.24,356804,664 units,No,None
2024-10-11,M004,80,0.48,2024-10-27,213665,204146.19,230198,657 units,No,None
2024-06-08,M001,117,0.01,2024-07-02,237774,228758.41,346186,400 units,No,None
2022-12-25,M004,110,0.04,2023-01-21,305217,310884.47,365870,649 units,No,None
2024-08-16,M003,105,0.08,2024-08-30,384109,374743.14,202413,536 units,No,None
2023-01-29,M005,103,0.18,2023-02-17,342658,359768.3,296143,418 units,No,None
2023-08-30,M004,82,0.21,2023-09-17,298734,293110.81,288241,796 units,No,None
2024-02-10,M003,102,0.33,2024-03-08,376877,383574.21,263166,784 units,No,None
2022-11-16,M005,80,0.03,2022-11-26,345588,332196.61,344823,509 units,Yes,Overheating
2023-03-20,M005,102,0.02,2023-04-09,255134,263235.03,273221,794 units,No,None
2025-01-11,M003,137,0.34,2025-02-08,233077,238440.2,218624,643 units,No,None
2023-09-21,M004,96,0.28,2023-10-11,329335,336657.89,238503,721 units,No,None
2022-09-14,M003,143,0.37,2022-10-01,220358,226217.12,268806,671 units,No,None
2023-01-26,M003,89,0.24,2023-02-16,299622,293971.95,394288,474 units,Yes,Vibration Issue
2023-05-23,M002,105,0.02,2023-06-09,348433,356315.42,232379,404 units,No,None
2025-04-10,M001,74,0.41,2025-04-23,224683,224299.23,326393,585 units,No,None
2022-05-17,M002,88,0.38,2022-05-30,217439,217176.42,336981,547 units,No,None
2022-10-17,M004,135,0.34,2022-11-01,357652,357795.24,335498,571 units,No,None
2023-10-24,M004,106,0.29,2023-11-06,261954,267125.47,205753,642 units,No,None
2023-04-08,M004,97,0.38,2023-05-03,382966,393634.7,283842,534 units,No,None
2024-03-19,M003,95,0.38,2024-04-07,273142,270417.2,351988,675 units,No,None
2022-07-06,M002,59,0.17,2022-07-23,369750,383349.61,320533,712 units,No,None
2023-12-26,M001,148,0.29,2024-01-22,308803,301093.27,382268,534 units,No,None
2022-05-31,M004,89,0.12,2022-06-28,364101,371073.48,339253,755 units,No,None
2025-02-26,M004,57,0.48,2025-03-11,245864,252912.8,217013,556 units,No,None
2023-03-18,M003,123,0.25,2023-04-16,244655,252662.84,232456,709 units,No,None
2023-12-17,M004,121,0.46,2024-01-05,369218,380624.73,251690,538 units,No,None
2024-11-09,M001,119,0.37,2024-12-03,265338,253600.47,204150,459 units,No,None
2024-04-26,M004,131,0.34,2024-05-24,393448,398979.77,314341,474 units,No,None
2022-07-29,M003,86,0.35,2022-08-11,335124,350647.88,358447,670 units,No,None
2024-06-16,M001,79,0.12,2024-07-03,212715,204940.23,228103,795 units,No,None
2023-02-09,M002,64,0.41,2023-03-06,344580,328564.93,334146,682 units,No,None
2022-07-06,M004,69,0.21,2022-07-29,229036,219360.08,256378,484 units,No,None
2022-08-07,M003,149,0.25,2022-08-22,317569,325842.36,214130,674 units,No,None
2022-09-28,M005,144,0.23,2022-10-21,388338,373752.08,200040,662 units,No,None
2022-05-02,M003,87,0.36,2022-05-24,255309,245581.05,358269,657 units,No,None
2024-12-02,M002,66,0.03,2024-12-25,384418,387651.85,393562,507 units,No,None
2024-10-01,M003,104,0.47,2024-10-17,333889,346775.75,246023,758 units,Yes,Vibration Issue
2023-11-02,M004,51,0.41,2023-12-01,398912,399613.37,273618,784 units,No,None
2022-09-20,M005,130,0.12,2022-10-12,236616,231799.51,324336,779 units,Yes,Overheating
2024-04-06,M005,125,0.41,2024-05-05,260417,250764.6,244885,744 units,No,None
2022-06-29,M003,52,0.43,2022-07-19,270126,280672.73,238917,676 units,No,None
2024-05-11,M005,61,0.27,2024-05-27,362625,350914.17,206612,762 units,No,None
2022-05-29,M001,64,0.03,2022-06-16,226436,234384.33,257449,707 units,No,None
2022-11-19,M001,107,0.33,2022-12-08,260282,268503.48,281427,411 units,No,None
2025-04-18,M004,117,0.13,2025-04-30,318074,330108.15,248956,729 units,No,None
2022-08-29,M001,67,0.14,2022-09-19,357905,360558.18,292251,626 units,No,None
2024-08-14,M001,122,0.07,2024-09-01,337038,325432.54,263927,686 units,No,None
2024-07-20,M004,58,0.45,2024-08-15,352990,338958.59,300806,511 units,No,None
2025-04-04,M001,138,0.45,2025-05-01,269739,260772.0,305926,506 units,No,None
2025-04-26,M002,101,0.29,2025-05-18,299725,309697.5,387258,635 units,No,None
2022-05-31,M001,64,0.05,2022-06-14,242530,232437.87,378356,608 units,No,None
2024-12-16,M004,53,0.21,2025-01-05,256736,252683.64,237779,477 units,No,None
2023-12-10,M003,148,0.0,2023-12-24,335209,323905.03,291759,401 units,No,None
2024-12-20,M002,104,0.32,2025-01-17,285634,275712.04,260677,487 units,No,None
2022-05-14,M001,71,0.39,2022-06-06,296385,289783.7,394675,747 units,No,None
2023-09-22,M004,113,0.17,2023-10-13,224469,229947.07,311965,728 units,No,None
2023-07-06,M002,132,0.25,2023-08-04,309352,312468.62,307838,755 units,No,None
2023-04-13,M005,137,0.42,2023-04-30,395229,414601.08,228902,642 units,Yes,Vibration Issue
2023-08-10,M005,127,0.34,2023-08-28,221205,218095.89,208954,677 units,No,None
2023-05-28,M004,61,0.03,2023-06-24,348716,364618.58,283106,696 units,No,None
2024-01-23,M002,118,0.15,2024-02-06,368304,365181.06,238474,403 units,No,None
2024-08-19,M003,125,0.19,2024-09-11,319312,322095.26,278069,544 units,No,None
2023-04-27,M002,72,0.35,2023-05-20,300998,315799.14,384218,627 units,No,None
2024-11-09,M002,96,0.18,2024-11-30,381883,382411.81,225625,691 units,No,None
2022-07-01,M002,68,0.31,2022-07-17,255265,263344.46,216739,557 units,No,None
2025-04-11,M002,137,0.36,2025-05-04,277391,282780.64,249254,757 units,No,None
2022-09-20,M001,141,0.08,2022-10-18,293531,286096.67,391942,682 units,No,None
2025-03-01,M002,67,0.27,2025-03-14,228424,232530.12,221552,612 units,No,None
2024-10-03,M005,141,0.2,2024-10-19,350074,337461.13,369840,629 units,No,None
2024-04-01,M003,95,0.17,2024-04-21,292338,290885.84,390835,506 units,No,None
2025-01-31,M002,118,0.07,2025-02-21,203212,205422.7,355962,602 units,No,None
2024-06-14,M003,68,0.4,2024-06-28,273235,275342.25,397899,705 units,No,None
2023-05-10,M001,127,0.04,2023-06-04,285375,283931.19,209922,624 units,No,None
2023-12-05,M002,74,0.28,2023-12-30,222011,225586.05,284779,564 units,No,None
2023-10-31,M004,111,0.39,2023-11-26,375549,380588.38,329053,772 units,No,None
2022-11-05,M004,104,0.2,2022-11-21,218596,215553.86,390863,446 units,No,None
2023-12-10,M002,145,0.28,2023-12-29,273970,277221.15,260671,536 units,No,None
2024-05-03,M002,58,0.43,2024-05-14,272086,281616.43,245678,736 units,No,None
2024-11-20,M002,57,0.36,2024-12-16,231171,231499.67,275825,666 units,No,None
2025-04-09,M002,111,0.4,2025-05-06,380407,363825.18,271362,442 units,No,None
2023-05-09,M005,78,0.18,2023-05-23,389148,402551.76,355492,656 units,No,None
2023-04-25,M005,67,0.29,2023-05-10,316182,312364.82,341172,669 units,Yes,None
2024-04-02,M001,105,0.22,2024-04-15,353830,356079.53,307959,623 units,No,None
2023-07-10,M005,126,0.47,2023-07-23,347274,355322.55,343632,599 units,No,None
2023-12-07,M004,61,0.46,2024-01-01,249151,240026.69,342556,684 units,No,None
2024-05-21,M002,75,0.42,2024-06-02,204143,194682.02,388666,450 units,No,None
2022-08-08,M002,76,0.21,2022-08-30,350732,360710.9,308583,550 units,No,None
2023-04-22,M001,108,0.14,2023-05-20,366695,352941.99,223739,627 units,No,None
2024-01-22,M005,65,0.17,2024-02-05,312779,308035.25,284428,556 units,Yes,High Voltage
2022-10-05,M001,142,0.15,2022-10-25,291728,295868.1,223944,591 units,No,None
2022-08-25,M003,107,0.36,2022-09-13,342436,345264.33,239380,768 units,No,None
2024-03-29,M001,69,0.25,2024-04-13,278836,284620.23,241804,726 units,No,None
2022-10-27,M002,67,0.28,2022-11-08,224338,218504.99,390641,514 units,No,None
2025-02-27,M001,116,0.19,2025-03-28,374297,361411.03,386541,750 units,No,None
2023-04-03,M005,149,0.09,2023-05-01,207140,211655.6,215601,763 units,No,None
2025-02-16,M005,105,0.32,2025-03-04,336153,349037.16,216039,518 units,No,None
2025-01-25,M005,66,0.07,2025-02-10,296869,307892.22,399321,468 units,No,None
2022-08-08,M002,140,0.42,2022-08-28,303243,311219.32,381683,683 units,No,None
2024-12-06,M002,57,0.33,2024-12-18,203453,195728.15,211710,787 units,No,None
2023-02-10,M001,81,0.1,2023-03-05,351595,335507.71,382876,670 units,No,None
2023-08-18,M003,122,0.42,2023-09-10,379861,389582.41,315583,420 units,No,None
2024-01-10,M004,115,0.47,2024-01-27,319569,316174.83,337526,527 units,No,None
2024-07-10,M005,120,0.17,2024-07-23,237045,240445.87,211106,720 units,No,None
2024-03-05,M004,88,0.4,2024-03-20,237144,241570.44,227118,757 units,No,None
2023-11-23,M005,96,0.03,2023-12-18,201196,202082.48,369039,762 units,No,None
2022-09-03,M005,89,0.33,2022-09-25,247376,235532.71,372403,539 units,No,None
2024-03-20,M004,126,0.26,2024-04-02,217313,215678.69,203175,414 units,No,None
2025-03-24,M002,54,0.09,2025-04-15,289469,286526.83,351836,474 units,No,None
2024-02-27,M004,136,0.16,2024-03-25,320206,325637.83,301835,505 units,Yes,None
2022-09-27,M002,80,0.38,2022-10-23,241256,244828.69,204988,444 units,No,None
2023-06-03,M001,77,0.03,2023-06-13,212506,223002.15,202918,455 units,No,None
2022-07-11,M003,149,0.48,2022-08-04,228808,235689.35,381068,651 units,No,None
2022-12-19,M003,118,0.4,2023-01-04,270721,281735.43,318309,633 units,No,None
2023-04-29,M003,59,0.43,2023-05-10,226070,228768.2,321795,506 units,No,None
2023-01-12,M001,78,0.43,2023-02-04,217105,216841.89,305530,647 units,No,None
2024-10-02,M002,60,0.36,2024-10-15,311506,305906.64,209390,452 units,No,None
2024-07-08,M004,141,0.37,2024-07-20,383850,394597.9,363404,534 units,No,None
2025-03-16,M004,67,0.1,2025-04-12,275344,277159.88,271188,465 units,No,None
2022-12-16,M001,91,0.14,2023-01-11,208932,215264.26,243918,574 units,No,None
2022-07-07,M004,116,0.04,2022-07-19,284582,294175.52,278618,600 units,No,None
2024-07-11,M003,110,0.23,2024-08-05,354400,366168.32,270812,700 units,No,None
2022-08-07,M003,56,0.09,2022-09-01,235227,237065.0,373123,609 units,No,None
2022-09-02,M001,104,0.22,2022-09-16,338360,352600.04,325267,627 units,No,None
2022-10-07,M001,144,0.27,2022-11-03,231460,238816.08,245296,590 units,No,None
2023-03-25,M002,79,0.21,2023-04-06,208574,205769.06,392279,411 units,No,None
2023-10-11,M002,93,0.29,2023-11-04,357343,362746.6,394737,730 units,No,None
2024-10-17,M002,55,0.2,2024-11-04,216826,222001.03,295384,533 units,No,None
2023-12-17,M002,86,0.5,2024-01-08,333039,321737.14,315262,540 units,No,None
2023-05-20,M002,142,0.5,2023-06-13,278828,266106.71,351203,490 units,No,None
2023-04-27,M002,63,0.0,2023-05-16,346209,329932.44,353803,534 units,No,None
2022-12-24,M005,66,0.44,2023-01-18,386327,401056.97,359223,679 units,No,None
2023-04-08,M005,58,0.33,2023-05-03,269488,266271.66,266602,693 units,No,None
2024-12-26,M003,55,0.3,2025-01-14,200397,199110.55,202567,683 units,No,None
2022-10-04,M002,145,0.1,2022-10-31,287191,297169.94,283324,785 units,No,None
2025-03-08,M003,107,0.28,2025-03-26,323864,338422.03,237451,703 units,No,None
2023-10-26,M002,111,0.33,2023-11-12,243551,250120.24,381014,469 units,No,None
2024-09-16,M005,122,0.47,2024-10-10,389686,376355.01,330668,784 units,No,None
2024-12-15,M002,118,0.26,2024-12-31,265785,273611.42,207249,651 units,No,None
2025-04-25,M002,79,0.43,2025-05-23,383870,368321.91,223480,735 units,No,None
2023-06-19,M004,88,0.35,2023-07-02,285571,278162.65,268439,757 units,No,None
2024-07-21,M003,109,0.24,2024-08-05,271400,270499.9,394634,511 units,No,None
2023-12-15,M003,118,0.16,2024-01-05,257226,248451.82,203099,591 units,No,None
2022-08-20,M004,57,0.17,2022-09-12,378909,391399.68,274229,553 units,No,None
2022-06-28,M002,145,0.04,2022-07-08,366596,355177.01,374779,431 units,No,None
2024-09-27,M005,75,0.27,2024-10-21,304354,306452.05,343281,404 units,No,None
2023-01-23,M002,108,0.18,2023-02-11,279066,287008.7,396955,652 units,Yes,None
2023-05-01,M003,132,0.44,2023-05-27,281787,293987.89,337399,415 units,No,None
2022-06-25,M005,149,0.36,2022-07-12,396657,387271.37,221792,512 units,No,None
2024-05-15,M004,139,0.23,2024-06-02,379808,363040.9,232515,400 units,No,None
2024-11-30,M001,67,0.06,2024-12-14,295947,282766.71,248787,435 units,No,None
2024-05-16,M001,133,0.06,2024-05-26,219614,224082.6,241546,580 units,No,None
2022-10-07,M005,144,0.1,2022-11-01,290391,298517.35,319698,708 units,No,None
2024-07-14,M005,132,0.15,2024-08-05,332683,333118.81,272644,639 units,No,None
2023-06-26,M002,147,0.17,2023-07-24,214041,218354.23,202203,768 units,No,None
2025-01-31,M003,68,0.21,2025-02-25,216899,207128.53,217464,634 units,No,None
2024-08-30,M002,114,0.38,2024-09-14,302962,298002.67,303857,446 units,No,None
2023-03-11,M002,59,0.35,2023-04-05,318039,315795.45,262600,426 units,No,None
2023-08-04,M003,93,0.26,2023-08-16,244820,241525.67,315267,413 units,No,None
2023-07-09,M005,120,0.44,2023-07-24,318143,323567.68,211454,799 units,No,None
2022-10-12,M001,129,0.26,2022-11-01,272411,284238.02,254727,557 units,No,None
2024-09-18,M004,71,0.2,2024-10-03,390667,380513.99,260511,637 units,No,None
2023-06-25,M004,120,0.48,2023-07-06,301386,301086.46,229969,464 units,No,None
2023-08-24,M001,76,0.1,2023-09-06,296666,308068.34,280434,512 units,No,None
2023-07-27,M001,90,0.08,2023-08-15,297012,294526.47,298343,527 units,No,None
2023-08-31,M001,84,0.36,2023-09-17,279156,271108.36,218317,706 units,No,None
2022-10-10,M005,111,0.14,2022-10-22,339423,332792.42,237285,462 units,No,None
2023-02-28,M003,62,0.35,2023-03-11,284012,286945.36,395402,617 units,No,None
2022-07-28,M005,145,0.03,2022-08-19,343569,357826.87,393387,781 units,No,None
2022-11-10,M003,97,0.16,2022-12-03,358110,356334.45,370722,614 units,No,None
2023-12-05,M001,69,0.11,2023-12-17,337739,333932.77,203315,524 units,Yes,Vibration Issue
2024-12-22,M004,114,0.47,2025-01-08,354986,371346.74,282820,584 units,No,None
2024-05-19,M002,60,0.36,2024-06-14,346473,335515.01,238659,513 units,No,None
2025-04-27,M003,129,0.11,2025-05-12,204087,194965.92,309871,629 units,No,None
2023-04-24,M001,108,0.38,2023-05-06,327133,333935.99,242100,753 units,No,None
2022-07-12,M003,124,0.08,2022-08-07,296081,307557.84,393792,409 units,Yes,None
2022-12-05,M003,86,0.16,2022-12-28,214401,213963.63,261691,572 units,No,None
2022-05-24,M005,142,0.03,2022-06-22,270015,264045.27,209476,424 units,No,None
2024-04-13,M002,122,0.48,2024-04-26,353233,365036.95,365667,731 units,No,None
2022-06-04,M002,82,0.12,2022-06-14,265613,278723.52,257509,755 units,No,None
2023-04-10,M005,141,0.2,2023-05-06,357477,361436.14,370185,748 units,No,None
2024-02-06,M005,115,0.14,2024-02-19,320192,332412.26,398798,695 units,No,None
2023-01-04,M003,116,0.21,2023-01-15,313184,304934.52,266324,752 units,No,None
2024-10-25,M001,75,0.03,2024-11-06,301204,314034.81,359229,745 units,No,None
2023-06-23,M004,56,0.14,2023-07-05,266606,256114.8,202334,632 units,No,None
2025-04-11,M003,132,0.16,2025-05-05,274125,266449.14,235118,709 units,No,None
2024-02-29,M002,52,0.2,2024-03-28,274794,265300.92,370183,404 units,No,None
2022-08-14,M003,70,0.16,2022-09-03,343802,340683.95,326404,720 units,No,None
2022-07-26,M003,111,0.36,2022-08-20,380218,365190.95,239795,786 units,No,None
2024-03-27,M005,137,0.32,2024-04-09,396734,394835.13,256847,443 units,No,None
2023-12-14,M001,91,0.37,2023-12-30,234378,244088.42,257561,449 units,No,None
2023-03-20,M002,56,0.02,2023-04-13,279790,275087.05,252578,462 units,No,None
2024-01-07,M005,117,0.05,2024-02-02,276007,263011.38,300994,574 units,No,None
2023-01-25,M003,122,0.42,2023-02-07,304698,315315.99,252743,730 units,No,None
2022-11-01,M001,96,0.32,2022-11-14,247737,253340.69,269870,682 units,Yes,Vibration Issue
2023-07-09,M004,100,0.14,2023-07-19,366722,351512.31,229768,638 units,No,None
2024-01-19,M005,125,0.28,2024-02-06,222712,220419.36,380617,520 units,Yes,High Voltage
2022-11-16,M003,132,0.02,2022-12-08,232116,242714.36,375276,646 units,No,None
2025-03-23,M005,140,0.3,2025-04-06,254046,243799.74,254005,613 units,No,None
2024-09-14,M002,108,0.16,2024-10-04,357296,356848.5,259213,555 units,No,None
2023-12-31,M002,102,0.33,2024-01-20,224950,221241.41,314671,721 units,No,None
2023-12-07,M003,75,0.07,2023-12-20,396570,399902.93,301067,718 units,No,None
2025-03-27,M001,77,0.29,2025-04-14,396332,414470.92,378320,663 units,No,None
2022-09-14,M002,123,0.28,2022-10-09,370837,355880.17,377966,525 units,No,None
2023-11-09,M003,116,0.09,2023-11-22,203422,202326.16,290376,568 units,No,None
2024-12-21,M005,122,0.08,2025-01-09,288120,278112.04,372727,555 units,No,None
2022-11-19,M003,111,0.17,2022-12-14,388632,373098.62,311278,603 units,No,None
2023-03-11,M004,136,0.13,2023-03-23,346709,330189.44,348160,575 units,Yes,High Voltage
2022-09-26,M002,122,0.13,2022-10-06,238670,244973.96,228195,632 units,No,None
2024-12-05,M005,132,0.48,2024-12-17,263066,276186.79,212447,604 units,Yes,None
2022-07-30,M002,57,0.49,2022-08-24,215159,225901.54,384792,607 units,No,None
2023-09-20,M002,67,0.14,2023-10-17,383144,385963.69,200209,562 units,No,None
2023-01-05,M001,145,0.2,2023-01-16,351280,346959.72,286570,701 units,No,None
2022-05-12,M002,83,0.43,2022-06-07,237368,234542.21,309042,478 units,Yes,Vibration Issue
2022-05-17,M005,123,0.44,2022-06-12,269297,272188.77,329131,613 units,No,None
2023-12-07,M003,55,0.18,2023-12-27,372020,365422.78,352957,512 units,No,None
2023-11-15,M005,126,0.2,2023-12-06,207839,216213.09,282218,606 units,No,None
2023-10-20,M004,126,0.44,2023-11-11,210052,205742.35,225888,489 units,No,None
2024-06-09,M005,108,0.39,2024-07-04,341897,343019.67,249487,580 units,No,None
2024-10-17,M001,61,0.2,2024-11-12,279656,275115.51,349929,452 units,No,None
2023-02-17,M003,131,0.13,2023-03-01,323665,318994.19,286079,770 units,No,None
2024-04-09,M002,148,0.11,2024-04-24,213395,202792.85,215877,733 units,No,None
2023-04-20,M005,119,0.37,2023-05-08,315956,304720.5,201628,608 units,No,None
2025-03-26,M001,85,0.4,2025-04-06,346023,362221.13,372388,790 units,No,None
2024-10-09,M004,101,0.32,2024-10-22,379155,382379.28,274575,635 units,No,None
2025-05-01,M002,68,0.37,2025-05-25,285614,283261.93,290333,591 units,No,None
2024-05-20,M001,134,0.49,2024-06-14,270535,282133.01,233835,736 units,No,None
2024-08-25,M004,76,0.25,2024-09-05,321474,324405.37,349142,505 units,No,None
2025-04-17,M004,131,0.13,2025-05-13,335007,336835.59,281020,518 units,No,None
2024-07-28,M004,136,0.02,2024-08-14,333246,331327.62,305210,472 units,No,None
2024-08-13,M004,130,0.24,2024-08-23,250611,251922.85,262840,621 units,No,None
2024-03-13,M002,129,0.1,2024-03-31,384947,401221.98,328674,754 units,No,None
2024-09-14,M005,133,0.38,2024-10-05,238618,241779.91,333220,716 units,No,None
2023-06-14,M003,125,0.1,2023-07-09,277745,289919.91,221616,630 units,No,None
2022-12-02,M001,81,0.08,2022-12-15,268769,279473.83,307250,564 units,No,None
2023-05-25,M005,132,0.02,2023-06-09,367743,379504.13,270765,796 units,No,None
2024-07-14,M005,85,0.25,2024-08-07,262672,256634.62,398387,761 units,Yes,None
2025-02-07,M002,119,0.25,2025-02-20,363566,370750.72,289702,536 units,No,None
2024-05-11,M005,112,0.3,2024-05-30,364837,349446.63,307452,734 units,No,None
2024-11-25,M001,74,0.08,2024-12-18,378522,369469.1,377148,411 units,Yes,High Voltage
2025-01-28,M001,59,0.21,2025-02-17,351624,348300.45,258058,662 units,No,None
2024-05-16,M003,57,0.02,2024-06-04,275067,264124.92,297117,698 units,No,None
2022-06-29,M005,109,0.39,2022-07-17,244940,248759.01,209220,746 units,No,None
2023-11-20,M003,103,0.08,2023-12-14,202133,197442.47,257483,728 units,No,None
2025-04-16,M002,139,0.29,2025-05-14,215580,222177.83,382241,437 units,No,None
2024-04-12,M003,140,0.29,2024-05-10,240937,229311.88,380100,749 units,No,None
2023-02-23,M001,139,0.47,2023-03-12,376552,384498.84,368663,449 units,No,None
2023-06-20,M004,106,0.12,2023-07-07,240381,236968.41,368856,623 units,No,None
2023-10-20,M004,86,0.03,2023-11-14,293060,299362.76,364002,597 units,No,None
2025-02-03,M004,135,0.41,2025-02-24,298158,309085.3,378969,672 units,No,None
2024-01-03,M002,113,0.02,2024-01-17,386192,368093.09,246814,794 units,No,None
2024-01-30,M004,103,0.23,2024-02-18,209234,217019.35,260303,512 units,No,None
2024-05-24,M005,58,0.43,2024-06-20,340408,347257.41,241560,535 units,No,None
2023-02-26,M004,135,0.42,2023-03-08,392295,376921.75,358134,438 units,No,None
2024-02-04,M003,95,0.11,2024-02-24,267543,278724.39,283816,464 units,No,None
2024-05-11,M003,77,0.39,2024-05-30,268614,256321.4,334260,446 units,No,None
2024-07-17,M004,65,0.28,2024-08-12,360207,342747.92,342967,663 units,No,None
2024-10-20,M005,137,0.14,2024-11-17,235120,239401.86,338111,645 units,No,None
2024-07-18,M002,62,0.33,2024-08-05,253465,247525.63,248419,618 units,Yes,None
2024-11-07,M005,105,0.14,2024-11-17,208009,200443.54,265470,589 units,No,None
2022-10-31,M001,144,0.29,2022-11-19,251957,261788.13,265183,510 units,No,None
2024-08-05,M005,87,0.37,2024-08-27,374000,361198.94,310053,526 units,No,None
2023-06-12,M003,116,0.41,2023-06-30,268166,263615.42,263706,403 units,Yes,Vibration Issue
2024-12-01,M002,118,0.42,2024-12-21,284068,271613.4,213093,622 units,No,None
2022-05-03,M004,57,0.41,2022-05-20,219553,220948.59,365195,612 units,No,None
2023-01-15,M004,122,0.36,2023-02-03,235823,242288.56,218220,496 units,No,None
2024-05-30,M001,133,0.48,2024-06-12,208878,209075.83,342587,617 units,No,None
2024-07-01,M001,130,0.41,2024-07-26,290085,291951.81,288318,717 units,No,None
2022-05-03,M004,140,0.16,2022-05-15,350815,334793.25,245168,762 units,No,None
2023-05-08,M004,56,0.11,2023-05-29,205466,203780.13,371623,602 units,No,None
2024-02-25,M002,97,0.37,2024-03-22,350477,364290.53,227767,679 units,Yes,None
2024-03-16,M005,146,0.17,2024-03-29,366618,384825.24,206952,762 units,No,None
2024-11-20,M003,128,0.02,2024-12-03,265480,271680.2,318560,470 units,No,None
2022-10-28,M003,96,0.36,2022-11-09,336852,324479.63,238455,693 units,No,None
2025-04-18,M003,69,0.17,2025-05-11,211132,214350.73,345550,657 units,No,None
2022-08-18,M003,139,0.31,2022-09-16,226322,219406.49,346323,436 units,No,None
2024-04-09,M002,76,0.22,2024-04-23,365859,373422.89,246139,714 units,No,None
2024-03-07,M004,94,0.05,2024-03-17,257380,246692.02,356304,685 units,No,None
2023-11-13,M002,76,0.3,2023-12-04,300718,306379.75,250022,470 units,No,None
2025-04-01,M002,119,0.1,2025-04-18,288616,296478.75,253618,576 units,No,None
2022-08-16,M005,138,0.09,2022-09-07,259686,257573.25,365577,785 units,Yes,Vibration Issue
2024-04-07,M005,81,0.27,2024-05-02,302520,306870.27,345969,781 units,No,None
2023-06-11,M001,127,0.38,2023-06-25,286981,279554.58,383253,423 units,No,None
2022-05-24,M003,81,0.02,2022-06-05,369320,380657.92,310012,407 units,Yes,Overheating
2024-06-13,M005,60,0.27,2024-07-05,377506,369246.45,311291,629 units,No,None
2023-09-12,M004,109,0.46,2023-09-28,206997,208718.16,361063,629 units,No,None
2024-09-26,M004,147,0.37,2024-10-25,252909,250162.51,370798,742 units,No,None
2023-11-17,M005,70,0.35,2023-12-11,254237,241694.96,374046,493 units,No,None
2024-04-11,M002,147,0.27,2024-04-30,325257,338219.3,382805,573 units,No,None
2024-04-21,M005,126,0.2,2024-05-10,235436,229982.11,325011,696 units,No,None
2024-04-21,M004,122,0.17,2024-05-13,290598,287534.02,306331,522 units,No,None
2024-07-21,M001,75,0.31,2024-08-18,278761,274176.36,369730,662 units,No,None
2024-05-09,M001,124,0.12,2024-05-21,390592,394811.79,301921,752 units,No,None
2022-07-06,M001,136,0.17,2022-07-16,328992,327316.03,342116,408 units,Yes,Overheating
2024-07-20,M005,113,0.45,2024-08-09,268426,276056.62,239537,559 units,No,None
2022-05-04,M004,125,0.36,2022-05-22,234578,235163.0,270484,687 units,No,None
2022-08-22,M001,136,0.46,2022-09-07,329532,324298.07,207378,510 units,No,None
2025-02-26,M001,65,0.37,2025-03-21,219501,229901.0,229939,408 units,No,None
2025-04-29,M003,61,0.42,2025-05-10,236513,226623.0,308117,706 units,No,None
2024-12-18,M004,105,0.39,2025-01-11,391899,375270.46,326792,473 units,Yes,None
2022-08-16,M005,95,0.04,2022-09-10,344924,359683.06,209754,453 units,No,None
2024-03-08,M001,125,0.02,2024-03-27,287455,290502.15,378441,778 units,No,None
2024-11-17,M005,95,0.3,2024-12-01,249188,242169.62,394172,684 units,No,None
2023-08-23,M003,67,0.23,2023-09-08,378920,376334.52,384196,470 units,No,None
2024-04-22,M001,106,0.47,2024-05-11,322374,335152.47,356581,507 units,No,None
2025-02-04,M001,72,0.36,2025-02-17,304562,297102.46,384451,680 units,No,None
2024-10-17,M005,77,0.34,2024-11-01,220161,214922.8,231284,678 units,No,None
2022-10-08,M005,96,0.29,2022-11-02,239532,248145.74,228531,581 units,No,None
2025-04-02,M002,116,0.45,2025-04-19,332894,339273.03,269681,642 units,No,None
2023-09-27,M001,109,0.14,2023-10-13,310330,323720.0,214916,491 units,No,None
2023-02-09,M003,54,0.11,2023-03-02,227703,221729.25,358723,719 units,Yes,High Voltage
2022-06-18,M002,82,0.02,2022-07-17,369731,351705.32,271145,656 units,No,None
2024-01-22,M003,67,0.24,2024-02-20,206503,200852.55,242246,586 units,No,None
2023-10-03,M003,106,0.24,2023-10-31,302524,306472.49,238937,497 units,No,None
2022-09-19,M004,112,0.19,2022-10-10,217530,220395.99,325654,699 units,No,None
2024-12-11,M005,95,0.16,2025-01-04,274291,275720.39,225157,418 units,No,None
2023-03-05,M004,79,0.23,2023-03-28,200813,197448.73,242219,561 units,No,None
2024-05-26,M004,80,0.02,2024-06-05,328974,322910.87,312262,517 units,No,None
2024-10-11,M003,108,0.34,2024-11-04,373785,366222.39,262459,738 units,Yes,High Voltage
2024-06-21,M003,72,0.08,2024-07-02,399387,403113.46,237265,641 units,No,None
2023-10-01,M005,91,0.03,2023-10-29,331803,324647.31,274623,660 units,No,None
2024-01-09,M002,99,0.24,2024-02-02,388460,382003.74,377368,532 units,Yes,Overheating
2022-10-01,M004,62,0.24,2022-10-15,280330,279571.58,310695,606 units,Yes,Vibration Issue
2022-07-01,M004,64,0.12,2022-07-18,330198,337022.0,358004,754 units,No,None
2024-11-02,M005,98,0.34,2024-11-28,251657,254104.68,273390,468 units,No,None
2023-09-27,M004,134,0.36,2023-10-26,292428,284032.57,247555,628 units,No,None
2024-09-12,M003,99,0.27,2024-10-03,370028,365655.83,205592,794 units,No,None
2023-12-21,M004,147,0.35,2024-01-15,257734,256346.64,216747,798 units,No,None
2022-06-27,M004,92,0.17,2022-07-17,311923,305615.16,325867,672 units,No,None
2024-02-03,M002,79,0.19,2024-02-17,365461,349244.37,294227,741 units,No,None
2025-04-10,M004,140,0.49,2025-04-25,317851,302111.97,376116,509 units,No,None
2024-03-27,M005,130,0.45,2024-04-06,237045,245784.88,255457,712 units,No,None
2023-07-26,M005,65,0.31,2023-08-06,209008,219447.32,325953,636 units,No,None
2022-07-19,M002,101,0.28,2022-08-02,330604,337094.17,306864,461 units,No,None
2024-07-11,M001,52,0.19,2024-07-31,219342,218029.14,381451,421 units,No,None
2025-02-22,M003,145,0.34,2025-03-17,292285,295595.68,209565,659 units,No,None
2022-07-27,M005,130,0.13,2022-08-23,228587,218165.97,229837,538 units,No,None
2022-07-19,M005,92,0.29,2022-08-13,270061,281087.41,220160,595 units,No,None
2023-05-09,M005,89,0.32,2023-05-21,264250,263007.97,208725,740 units,No,None
2025-03-07,M002,129,0.33,2025-04-05,259379,253351.77,253689,716 units,No,None
2025-03-31,M003,112,0.12,2025-04-28,347236,356732.87,392017,419 units,Yes,None
2024-05-30,M005,89,0.38,2024-06-10,222755,224362.67,314930,764 units,No,None
2023-05-29,M005,127,0.37,2023-06-27,329735,340302.13,308549,479 units,No,None
2022-09-04,M001,98,0.4,2022-09-22,365219,367148.19,348968,656 units,No,None
2022-08-16,M005,137,0.15,2022-09-11,399223,411358.46,230888,505 units,No,None
2024-05-05,M001,58,0.33,2024-05-30,270809,282888.04,211081,702 units,No,None
2023-08-17,M005,112,0.26,2023-09-08,368900,372154.54,346670,467 units,No,None
2023-01-27,M002,109,0.09,2023-02-16,313997,328951.3,257319,701 units,No,None
2024-05-14,M001,78,0.09,2024-06-03,318450,320657.57,308384,686 units,Yes,Overheating
2023-07-09,M001,120,0.17,2023-07-22,273709,272993.0,354184,636 units,No,None
2024-09-23,M002,90,0.25,2024-10-21,395534,405326.38,354657,561 units,No,None
2022-12-12,M001,127,0.01,2022-12-28,220034,213833.98,356082,552 units,No,None
2025-03-21,M005,98,0.44,2025-04-02,267674,255378.18,314943,656 units,Yes,High Voltage
2023-11-27,M005,72,0.39,2023-12-16,235741,245471.03,395958,540 units,No,None
2024-04-16,M003,77,0.3,2024-05-10,398646,405600.71,388224,552 units,No,None
2022-08-18,M004,88,0.37,2022-09-16,223083,215417.15,392004,756 units,No,None
2025-03-07,M001,124,0.19,2025-03-30,312934,298679.06,372839,595 units,No,None
2023-05-04,M002,125,0.1,2023-05-29,250672,241043.47,247879,580 units,No,None
2022-07-20,M003,77,0.47,2022-08-03,384406,368006.5,233239,428 units,No,None
2024-09-17,M003,71,0.38,2024-10-14,379457,365084.1,289205,455 units,No,None
2023-05-22,M002,98,0.18,2023-06-11,208563,208433.41,221783,722 units,No,None
2022-05-20,M001,120,0.33,2022-06-14,336843,345085.93,333787,689 units,Yes,None
2024-03-06,M001,141,0.18,2024-03-25,365683,368324.43,218890,507 units,No,None
2023-09-07,M004,66,0.5,2023-09-30,389476,405723.51,342827,538 units,No,None
2024-02-08,M004,50,0.47,2024-03-02,263753,263458.23,272600,760 units,No,None
2024-04-06,M002,135,0.34,2024-04-21,204917,198479.65,332513,555 units,No,None
2023-02-24,M005,116,0.36,2023-03-12,236032,241607.6,334780,678 units,No,None
2022-06-11,M004,56,0.43,2022-06-22,291020,290162.98,215842,601 units,No,None
2023-04-04,M002,122,0.24,2023-04-22,398127,380922.53,381590,510 units,No,None
2025-04-13,M003,122,0.28,2025-05-07,365924,374467.66,382855,541 units,No,None
2024-10-19,M004,108,0.07,2024-11-01,244283,249472.32,313743,668 units,No,None
2023-09-07,M002,70,0.07,2023-09-30,376491,385367.73,304247,425 units,No,None
2022-12-29,M004,66,0.2,2023-01-12,309228,320314.8,202699,469 units,No,None
2024-02-24,M004,78,0.45,2024-03-16,356185,366003.81,383215,628 units,No,None
2023-02-14,M005,96,0.16,2023-02-26,224466,226555.72,336367,779 units,Yes,Overheating
2024-05-09,M005,59,0.09,2024-06-07,326015,337377.15,360123,468 units,No,None
2022-10-29,M003,75,0.19,2022-11-18,222704,224071.2,309358,624 units,No,None
2023-04-05,M003,98,0.2,2023-04-26,249790,239105.18,336179,486 units,No,None
2024-02-28,M002,75,0.41,2024-03-27,215486,223787.51,343470,757 units,No,None
2023-12-29,M003,110,0.11,2024-01-08,352399,355670.22,388268,783 units,No,None
2024-09-23,M005,121,0.33,2024-10-12,345109,347718.77,287511,662 units,No,None
2023-11-13,M004,100,0.47,2023-11-28,317145,326478.08,288718,625 units,No,None
2023-11-29,M003,115,0.18,2023-12-23,276166,278449.76,235233,446 units,No,None
2024-09-27,M005,55,0.44,2024-10-14,330696,317998.81,269709,716 units,No,None
2022-10-26,M004,68,0.32,2022-11-23,371092,374191.92,302274,733 units,No,None
2025-03-20,M004,141,0.47,2025-04-12,247293,246374.64,231927,767 units,Yes,Overheating
2024-03-27,M002,130,0.36,2024-04-06,214444,209962.93,299569,788 units,No,None
2022-05-01,M003,93,0.41,2022-05-13,313708,304038.15,212106,450 units,No,None
2024-01-27,M003,74,0.12,2024-02-21,260680,249489.78,376651,523 units,No,None
2023-01-17,M004,60,0.36,2023-02-03,229140,231361.07,313422,579 units,No,None
2023-03-26,M001,66,0.15,2023-04-18,322328,313183.49,351454,570 units,No,None
2023-12-05,M004,110,0.19,2023-12-16,288406,295914.45,358513,407 units,No,None
2023-12-08,M003,60,0.05,2023-12-25,363240,358084.81,398464,494 units,No,None
2022-12-11,M004,82,0.11,2022-12-27,254280,244826.92,322499,777 units,No,None
2024-02-11,M001,107,0.33,2024-02-27,287773,281807.27,354490,491 units,No,None
2022-12-02,M004,93,0.25,2022-12-13,320491,325931.55,241676,649 units,No,None
2022-06-22,M004,53,0.08,2022-07-21,257881,251100.96,378973,446 units,No,None
2023-02-16,M003,114,0.42,2023-03-06,278946,285094.8,287879,422 units,No,None
2022-07-19,M005,53,0.31,2022-07-29,377891,359271.6,204665,733 units,No,None
2022-12-26,M003,145,0.26,2023-01-05,334197,323537.43,235755,416 units,No,None
2025-03-09,M005,136,0.33,2025-03-25,398607,396007.82,328709,788 units,No,None
2025-04-06,M001,109,0.01,2025-04-22,204123,198775.72,311247,755 units,No,None
2023-01-01,M003,51,0.06,2023-01-17,229867,236907.09,314472,549 units,No,None
2024-01-16,M001,59,0.25,2024-02-08,226739,226604.87,331317,620 units,No,None
2023-04-14,M003,68,0.22,2023-05-10,399413,383610.47,269023,680 units,No,None
2022-06-01,M003,102,0.38,2022-06-12,289926,292186.23,324372,784 units,No,None
2022-11-21,M005,129,0.07,2022-12-06,241489,239731.61,211257,716 units,No,None
2023-07-30,M004,125,0.22,2023-08-10,392679,401655.25,281124,705 units,No,None
2022-09-19,M001,53,0.0,2022-10-16,245842,253316.04,328261,472 units,Yes,None
2024-08-15,M005,63,0.21,2024-09-06,384793,398043.76,218997,471 units,No,None
2023-11-06,M004,148,0.03,2023-11-19,223795,227534.03,308494,560 units,No,None
2024-11-01,M001,76,0.26,2024-11-13,260993,270772.44,251469,561 units,No,None
2024-06-17,M004,123,0.41,2024-07-02,340410,324994.21,205594,675 units,No,None
2022-08-29,M005,76,0.42,2022-09-16,266302,267064.04,222895,563 units,No,None
2022-12-22,M003,134,0.07,2023-01-12,313756,312978.31,227593,644 units,No,None
2024-05-07,M003,67,0.2,2024-05-18,336472,328964.97,309421,532 units,Yes,High Voltage
2024-12-06,M005,82,0.41,2024-12-31,295054,297933.36,356787,637 units,No,None
2023-08-07,M001,64,0.11,2023-09-05,213393,203809.48,243735,645 units,No,None
2023-01-11,M004,61,0.24,2023-02-02,300010,314767.08,391887,636 units,No,None
2022-05-25,M002,107,0.43,2022-06-04,281411,278253.82,399645,653 units,No,None
2022-09-25,M001,119,0.36,2022-10-14,271560,260464.24,326209,566 units,No,None
2022-11-27,M005,55,0.16,2022-12-26,332198,320363.39,280612,751 units,No,None
2024-12-08,M003,82,0.18,2025-01-05,398054,396920.2,377400,585 units,No,None
2024-01-30,M001,89,0.36,2024-02-21,350504,346729.65,323825,703 units,No,None
2022-05-16,M004,74,0.35,2022-05-27,243238,250289.2,236428,490 units,No,None
2022-09-25,M005,140,0.15,2022-10-09,393558,381033.16,327575,413 units,No,None
2023-03-15,M001,135,0.36,2023-04-13,268259,255074.69,399184,740 units,No,None
2022-05-19,M002,85,0.1,2022-06-11,206430,210449.03,259064,574 units,Yes,None
2024-04-17,M003,73,0.1,2024-05-09,279314,280073.85,200349,400 units,No,None
2025-01-20,M004,132,0.39,2025-02-18,326549,322291.23,243941,611 units,Yes,None
2022-12-23,M001,135,0.2,2023-01-16,250646,254859.72,376233,482 units,No,None
2024-10-24,M001,107,0.29,2024-11-22,349857,360939.11,292521,667 units,Yes,None
2022-08-21,M005,78,0.01,2022-09-01,359490,359855.42,342080,414 units,No,None
2023-05-20,M005,53,0.14,2023-06-05,261458,266212.69,327586,429 units,No,None
2022-05-04,M001,131,0.28,2022-05-29,292392,299261.6,286059,507 units,No,None
2024-02-02,M004,71,0.02,2024-03-01,310113,311957.6,348137,436 units,No,None
2023-09-28,M002,82,0.15,2023-10-17,318445,319536.6,209378,424 units,Yes,High Voltage
2024-03-03,M002,148,0.14,2024-03-27,374710,357435.96,398142,713 units,No,None
2024-07-02,M003,82,0.37,2024-07-16,314634,304426.6,349243,624 units,No,None
2023-02-09,M005,138,0.42,2023-03-10,382591,393556.54,310182,434 units,No,None
2023-12-14,M002,64,0.43,2023-12-24,303252,298818.61,375363,581 units,No,None
2023-12-08,M005,91,0.32,2023-12-27,358521,343828.06,381299,507 units,No,None
2025-02-23,M002,80,0.27,2025-03-09,362178,377219.46,319629,617 units,No,None
2022-08-21,M001,142,0.26,2022-09-17,349700,336462.04,336192,479 units,No,None
2024-08-12,M004,143,0.14,2024-09-08,365470,355533.73,222405,405 units,No,None
2024-09-25,M001,66,0.32,2024-10-21,234167,224003.51,311030,698 units,Yes,None
2022-10-01,M001,87,0.23,2022-10-21,337714,353115.82,243290,655 units,No,None
2024-09-24,M004,110,0.0,2024-10-13,380093,397112.18,250132,515 units,No,None
2022-11-19,M004,141,0.03,2022-12-18,262462,254392.59,312003,720 units,No,None
2023-04-18,M002,61,0.31,2023-05-07,241329,230096.02,284739,424 units,No,None
2024-07-12,M001,118,0.14,2024-08-07,284415,274151.23,243324,515 units,Yes,Vibration Issue
2024-12-30,M003,139,0.41,2025-01-17,364821,375319.33,397987,507 units,No,None
2023-04-09,M002,88,0.39,2023-04-19,343793,334027.21,309095,566 units,No,None
2025-03-08,M004,140,0.24,2025-03-22,368236,380387.57,229013,509 units,No,None
2023-10-23,M002,102,0.43,2023-11-17,244472,237094.23,270613,468 units,No,None
2024-10-22,M004,69,0.38,2024-11-14,368506,359299.69,328093,735 units,No,None
2024-12-19,M004,100,0.41,2025-01-15,363972,376854.23,391668,794 units,No,None
2024-09-23,M004,84,0.3,2024-10-06,342427,326985.57,284485,540 units,No,None
2023-04-27,M005,55,0.47,2023-05-26,205766,202862.58,318141,613 units,No,None
2023-08-23,M002,134,0.47,2023-09-15,204429,194534.05,248904,512 units,Yes,Vibration Issue
2022-08-14,M004,85,0.32,2022-09-11,240799,249822.56,223230,548 units,No,None
2024-02-06,M005,127,0.47,2024-03-06,351315,367886.87,263112,437 units,No,None
2022-06-09,M002,68,0.27,2022-06-30,359379,367631.76,279006,644 units,No,None
2023-07-07,M004,76,0.11,2023-08-05,236847,245720.25,336115,659 units,No,None
2024-10-20,M004,101,0.12,2024-11-13,293194,297140.06,293439,601 units,Yes,High Voltage
2023-01-13,M002,100,0.28,2023-01-30,297018,306762.27,227910,766 units,Yes,Overheating
2022-05-07,M002,56,0.08,2022-06-01,220307,223205.8,377813,568 units,No,None
2023-01-22,M004,113,0.01,2023-02-18,273164,280202.62,308165,669 units,No,None
2023-01-27,M002,91,0.15,2023-02-24,399940,411283.71,241487,521 units,No,None
2025-04-25,M002,149,0.38,2025-05-11,361343,364175.39,360689,404 units,No,None
2025-02-09,M001,120,0.33,2025-02-23,393784,409342.38,334403,558 units,No,None
2024-10-13,M003,98,0.13,2024-10-29,361296,374557.59,372466,474 units,No,None
2022-09-23,M001,111,0.01,2022-10-08,284269,283408.03,285529,549 units,No,None
2024-04-26,M003,99,0.34,2024-05-23,313540,314135.58,316929,742 units,No,None
2023-03-19,M003,67,0.45,2023-04-07,307673,299179.06,313613,428 units,No,None
2024-07-20,M005,109,0.44,2024-08-06,327269,340367.97,252023,594 units,No,None
2023-12-18,M001,72,0.5,2023-12-28,244533,249179.02,265630,744 units,No,None
2023-01-12,M001,116,0.44,2023-01-29,239373,237996.58,215783,737 units,No,None
2024-01-18,M003,73,0.31,2024-02-14,350437,350893.31,288069,530 units,No,None
2023-09-29,M005,50,0.38,2023-10-17,385784,371762.89,287680,658 units,No,None
2024-07-21,M001,108,0.3,2024-08-11,251971,254005.09,238976,509 units,No,None
2022-10-07,M004,128,0.04,2022-10-18,397803,397307.17,208690,561 units,No,None
2025-02-07,M005,131,0.11,2025-02-19,208088,202127.1,377359,525 units,No,None
2023-03-10,M001,77,0.05,2023-04-05,360606,344669.52,376385,696 units,No,None
2024-08-16,M002,112,0.06,2024-09-14,285557,298299.88,252481,729 units,No,None
2022-10-31,M005,63,0.29,2022-11-12,254884,256398.08,293619,530 units,No,None
2025-02-06,M001,139,0.27,2025-02-28,214926,211008.05,296596,488 units,No,None
2023-03-18,M004,82,0.43,2023-03-30,262518,257393.64,305060,756 units,No,None
2023-08-15,M005,69,0.37,2023-09-06,209220,216532.25,292532,475 units,Yes,Overheating
2024-02-17,M004,103,0.32,2024-03-10,303165,314943.57,292431,400 units,No,None
2023-07-26,M004,138,0.39,2023-08-23,390332,393611.64,323653,726 units,No,None
2023-02-17,M004,131,0.47,2023-03-16,208455,202085.34,391222,744 units,No,None
2023-07-13,M001,116,0.49,2023-07-30,361678,354643.13,312220,737 units,No,None
2023-08-30,M004,113,0.16,2023-09-10,236606,248381.99,356144,444 units,No,None
2022-12-12,M001,137,0.29,2022-12-22,377770,381093.93,289554,769 units,No,None
2024-12-22,M002,118,0.06,2025-01-18,209215,215792.27,253872,718 units,No,None
2024-10-22,M001,88,0.28,2024-11-06,228181,233003.41,288137,418 units,No,None
2023-11-15,M003,98,0.12,2023-12-05,327151,334334.61,332953,631 units,No,None
2023-02-10,M004,89,0.46,2023-03-03,326001,338273.77,259131,702 units,Yes,Overheating
2024-07-14,M002,115,0.4,2024-08-03,390141,400706.49,364155,542 units,No,None
2024-07-25,M004,62,0.17,2024-08-18,373898,373499.22,279816,416 units,No,None
2022-11-09,M005,118,0.48,2022-11-24,359801,374778.92,227900,496 units,Yes,Overheating
2024-11-14,M004,51,0.3,2024-11-30,396676,407059.31,345233,788 units,No,None
2023-05-16,M001,115,0.25,2023-06-04,335636,336390.61,362613,510 units,No,None
2024-01-22,M005,92,0.34,2024-02-06,331387,346967.22,329772,464 units,No,None
2023-02-04,M001,78,0.1,2023-02-25,301186,308058.97,362282,475 units,No,None
2024-10-17,M002,92,0.04,2024-11-10,333649,347404.7,300844,419 units,Yes,High Voltage
2024-04-11,M004,124,0.46,2024-05-08,255105,248104.13,237239,798 units,No,None
2024-11-23,M002,99,0.27,2024-12-16,375669,372070.84,368530,556 units,Yes,None
2024-04-17,M001,76,0.09,2024-05-10,233108,237334.19,327082,655 units,No,None
2023-09-04,M005,94,0.46,2023-09-27,361936,376630.11,308471,473 units,No,None
2024-11-13,M003,147,0.25,2024-12-05,325332,317129.06,284641,650 units,No,None
2023-10-16,M005,94,0.27,2023-11-05,200348,193244.33,385184,452 units,No,None
2022-06-19,M002,60,0.37,2022-07-02,220050,229172.13,201905,566 units,No,None
2022-09-16,M003,59,0.15,2022-10-05,270385,279895.66,324467,647 units,No,None
2024-07-16,M001,133,0.02,2024-08-01,239203,233867.36,360325,636 units,No,None
2024-05-10,M001,127,0.22,2024-06-01,235289,244942.84,262069,702 units,No,None
2024-08-11,M002,126,0.4,2024-09-07,297372,297039.12,295528,560 units,No,None
2022-10-30,M001,139,0.06,2022-11-17,350509,338203.08,275385,766 units,No,None
2024-03-24,M001,52,0.14,2024-04-22,350498,342115.58,281514,577 units,No,None
2023-03-22,M004,125,0.38,2023-04-14,234973,235047.51,370926,779 units,No,None
2023-08-09,M003,124,0.01,2023-08-20,361933,375163.54,243278,517 units,No,None
2022-10-23,M002,78,0.26,2022-11-15,278698,288983.75,386922,672 units,No,None
2024-08-11,M003,146,0.25,2024-08-23,312783,302526.1,284907,786 units,No,None
2025-04-27,M001,78,0.25,2025-05-23,240958,239665.9,289783,529 units,No,None
2023-02-05,M004,52,0.05,2023-02-27,390299,373317.76,391233,439 units,No,None
2024-09-24,M002,134,0.49,2024-10-04,392901,387099.0,357487,547 units,No,None
2022-08-30,M001,124,0.21,2022-09-15,314985,302639.04,204124,558 units,No,None
2024-05-26,M001,98,0.46,2024-06-19,331907,335003.31,322210,500 units,No,None
2023-05-30,M001,81,0.33,2023-06-20,356121,340087.83,297541,768 units,No,None
2022-07-09,M005,132,0.33,2022-07-27,208759,202376.61,263096,764 units,No,None
2024-11-06,M005,125,0.39,2024-11-20,384889,396244.39,308724,549 units,No,None
2022-09-10,M003,89,0.43,2022-09-20,226517,227623.62,393087,453 units,No,None
2023-10-01,M002,109,0.49,2023-10-12,334890,330872.7,242535,512 units,No,None
2024-10-20,M005,56,0.3,2024-11-13,253812,249686.34,390593,622 units,No,None
2023-01-27,M005,125,0.41,2023-02-11,213503,219118.68,251544,705 units,Yes,Vibration Issue
2024-03-02,M004,99,0.05,2024-03-30,365001,370422.06,380137,593 units,No,None
2024-04-19,M002,83,0.17,2024-04-29,327671,340073.41,220091,618 units,No,None
2024-09-05,M004,95,0.25,2024-09-20,230466,238413.57,213686,518 units,No,None
2023-05-03,M005,59,0.29,2023-05-31,365395,377168.81,265355,752 units,No,None
2022-07-24,M001,50,0.0,2022-08-16,350963,361079.08,382112,785 units,No,None
2025-02-16,M001,91,0.46,2025-03-04,217534,209758.66,214199,761 units,No,None
2022-08-20,M005,142,0.19,2022-09-03,217787,222062.29,207912,572 units,No,None
2022-09-06,M003,129,0.15,2022-09-30,366610,365967.79,331409,693 units,No,None
2023-09-22,M004,124,0.2,2023-10-21,292952,288428.84,318283,765 units,No,None
2025-04-29,M004,95,0.05,2025-05-27,221091,212981.07,368646,789 units,No,None
2024-07-15,M005,109,0.28,2024-08-03,362966,345637.06,339221,517 units,No,None
2024-08-30,M003,89,0.19,2024-09-13,231231,222038.76,276049,716 units,No,None
2024-02-12,M002,122,0.15,2024-02-28,368757,371585.16,358590,621 units,Yes,None
2024-09-19,M003,88,0.13,2024-10-18,390202,376215.03,304570,796 units,No,None
2024-10-18,M005,117,0.23,2024-11-12,218322,212484.04,380321,514 units,No,None
2022-10-25,M002,128,0.28,2022-11-08,271025,265989.53,297428,766 units,Yes,Vibration Issue
2022-12-03,M001,73,0.07,2022-12-15,377539,390367.23,206020,545 units,No,None
2025-01-18,M005,126,0.29,2025-01-31,239703,251243.05,384009,506 units,No,None
2024-09-18,M004,61,0.34,2024-10-10,232022,221812.89,225623,579 units,No,None
2023-03-12,M001,109,0.37,2023-04-04,272559,279243.51,242580,616 units,No,None
2025-01-17,M001,145,0.32,2025-02-15,369204,366280.21,304040,664 units,No,None
2022-09-02,M003,123,0.15,2022-09-27,215499,226012.71,306906,608 units,No,None
2024-04-13,M002,57,0.05,2024-05-03,223252,226843.72,240596,479 units,No,None
2023-09-17,M005,76,0.08,2023-09-27,348689,344973.65,207065,632 units,No,None
